paper_id,ai_decision,ai_rank,ai_confidence
51fc86d545c0,include,1,
11b5fa9e48c6,include,2,
3578e84deba9,include,3,
e505ff143d95,include,4,
0fb65bb44954,include,5,
f4070b9e0ca0,include,6,
96b0e5014fca,include,7,
f88bb4cc0c22,include,8,
0d323d979460,include,9,
4a6b7f9ddc5a,include,10,
0a1f9315f6a7,include,11,
2c54170735ba,include,12,
b10591681791,include,13,
4a097a9af71b,include,14,
f1230f002e43,include,15,
a2af699e0cea,include,16,
e98b1c47ed53,include,17,
695f22410220,include,18,
075a4a34de90,include,19,
8d08019fb608,include,20,
bbf0e3662d3c,include,21,
bf5b5ef25a6f,include,22,
5349cca855f9,include,23,
f36999c41a3a,include,24,
7a159ec77866,include,25,
5ff0639f0795,include,26,
ad0844abb348,include,27,
0e2942155b17,include,28,
2a0770a1a995,include,29,
11ff02556b47,include,30,
58e7ea9324df,include,31,
1d44742c9e15,include,32,
b71633628d4e,include,33,
470b798927ef,include,34,
1b63c3136291,include,35,
02db829631f9,include,36,
b72ac297d67e,include,37,
69bfce9095d0,include,38,
674c681a57d0,include,39,
4169f8f80eb9,include,40,
f792c5e92b0c,include,41,
780d0ece201c,include,42,
05a01a257cc7,include,43,
5b5fd3a147af,include,44,
99d020ab5b12,include,45,
fe91ad8edae4,include,46,
6bb18cfb9e04,include,47,
324dfeb78602,include,48,
de580e8c085e,include,49,
054b1aece0f5,include,50,
41880ed56434,include,51,
96baad0b46a9,include,52,
55496bcdeaa7,include,53,
5781ce30742b,include,54,
12db2c40fc32,include,55,
41e2aacecb71,include,56,
6f57be104b9d,include,57,
95b62dc87aff,include,58,
7aac2237419b,include,59,
c459e5fdfbdc,include,60,
7c11ab76f3d9,include,61,
2dc8d62cecac,include,62,
24946c5b6c21,include,63,
b43110ee807d,include,64,
1938aae185de,include,65,
685e76bf45ae,include,66,
c7c7d7851588,include,67,
e1ab375ffe44,include,68,
67f83161d410,include,69,
a5b68f8e6d90,include,70,
82a8719fd734,include,71,
c1aa6c306cde,include,72,
39e897283cac,include,73,
17e05278776e,include,74,
a0e970f7273f,include,75,
0e891bc16c5d,include,76,
07c021c2ac66,include,77,
c32e5def863d,include,78,
954608913b5d,include,79,
2bb96fecae4b,include,80,
13cafedeef93,include,81,
539aec92356c,include,82,
7a2871898d6c,include,83,
798667d343b2,include,84,
8c4a762ab780,include,85,
29f4e9099932,include,86,
35da1ebe30e2,include,87,
9150dabd3035,include,88,
b0f18b08964e,include,89,
e3ccb8cc6354,include,90,
646bd6bbd935,include,91,
a2e7d43fddd4,include,92,
cf5c066bc27d,include,93,
5d0b65cd054b,include,94,
d8015cdf389e,include,95,
67ef832f18a2,include,96,
b116c09ae804,include,97,
12a26364b038,include,98,
e4bb7333aaa5,include,99,
7f2968bca2cc,include,100,
0a96ec74c59f,include,101,
ee174c1b524e,include,102,
b4397d93ce2f,include,103,
25b9eceec1f2,include,104,
1c9b5d691d21,include,105,
d429e0713a3d,include,106,
a28219f1533f,include,107,
fecff5249e72,include,108,
1c4934de7d9a,include,109,
6a74d8dcc848,include,110,
6cc042cd8fb1,include,111,
f123e5ead03b,include,112,
e954c10b19a9,include,113,
7e0bccd34042,include,114,
21e9746e62c2,include,115,
ecd17525083d,include,116,
7383abb7624d,include,117,
a6fa5e6bf8b8,include,118,
28572e72bea8,include,119,
cde1c896dc3c,include,120,
70217d6e8f7f,include,121,
090ce79070cb,include,122,
3716460f49f0,include,123,
75cd91455541,include,124,
aaf1ccf3bec9,include,125,
5f3cabc4cfc6,include,126,
9d5712181e9d,include,127,
8908fea924fc,include,128,
3896b93c16d8,include,129,
1cd3094a1c92,include,130,
7e636e790901,include,131,
8214cc57c5ab,include,132,
1d49f2843829,include,133,
a8d422e3b222,include,134,
0605d83e5e91,include,135,
dd846d58c0b9,include,136,
5616d77df974,include,137,
d843fc13b782,include,138,
4d0406b8b736,include,139,
0d496e5047bb,include,140,
980e150d15d2,include,141,
5308fd4d7e17,include,142,
cbddc421f88f,include,143,
c362aba30559,include,144,
d169bf320747,include,145,
0f3a64e9e3ed,include,146,
f3a41b21a780,include,147,
502f623ee8c4,include,148,
34638dc631aa,include,149,
3c1b7774da65,include,150,
1b554a506320,include,151,
5daee71fb5e1,include,152,
d53d98483580,include,153,
76ee3cb38743,include,154,
a214f7b21d6c,include,155,
a75f8f16f267,include,156,
7ad8cc597b38,include,157,
3b4ab6fd199d,include,158,
79be4656d153,include,159,
afa84e1d94cf,include,160,
8c9ba2aeaa90,include,161,
c8f73887462d,include,162,
8bb4c5424927,include,163,
0a824fa99e38,include,164,
d37354bd1037,include,165,
b7c9696b8ffc,include,166,
69bf4c1b7cbe,include,167,
d27e45a26478,include,168,
8b4dfc5bda00,include,169,
ccf7dc01127c,include,170,
4569d0df52ed,include,171,
8b16aa7ed02e,include,172,
f9e5b6ee139d,include,173,
33ecea26692d,include,174,
320ac2390210,include,175,
064edeace6a1,include,176,
c915be959ff5,include,177,
1993ad0237f3,include,178,
871c63b61487,include,179,
3fb509dd94e7,include,180,
c8872ea43678,include,181,
e01b4d39659a,include,182,
311bac170c43,include,183,
10e947e4e6c8,include,184,
1377d17f7649,include,185,
a254eea1f1d3,include,186,
a7b3e49448d1,include,187,
6149c14b492e,include,188,
d20f778b186e,include,189,
3490f229360e,include,190,
435240ca6a5e,include,191,
74c944075500,include,192,
c4061ff11b8d,include,193,
119578338c9e,include,194,
191bd4e2531b,include,195,
5cf59c9d0438,include,196,
c4e919f71785,include,197,
b9bbd2d099f0,include,198,
57f3e8afecb3,include,199,
e6ece474516c,include,200,
32d4138aa9a9,include,201,
07e4aea9696d,include,202,
f61144bed6cc,include,203,
374f88893a40,include,204,
7d9c1f3a2af2,include,205,
daa0cf93fe89,include,206,
822dbee7acfe,include,207,
59cca9744140,include,208,
2b48b0e90efa,include,209,
381642996201,include,210,
c065a97bd065,include,211,
3ee4e2ce5b7d,include,212,
cc270c3a7bb5,include,213,
031fe9392130,include,214,
f7287f5bd9b7,include,215,
623597ee0f9c,include,216,
fc8bb7927b37,include,217,
49aaab8109ac,include,218,
6cb040f251ff,include,219,
e366a47d08de,include,220,
9f73dad9633b,include,221,
4f6d203f9c8b,include,222,
b799681e41da,include,223,
b753486d909e,include,224,
5f7cc73a1b05,include,225,
e4f0b279bc74,include,226,
6f9afdb83229,include,227,
7ede4c3f9492,include,228,
7d041bc56e82,include,229,
5f1b1731f44b,include,230,
b155d83ad4b5,include,231,
f9c9d91544fe,include,232,
6d56eb5e62f8,include,233,
c99a158445ec,include,234,
413125f4264b,include,235,
eb9b2edee442,include,236,
670552f20c08,include,237,
ccc47b5f0325,include,238,
dff303f4facf,include,239,
39b2bf9c72f7,include,240,
55d6d3a7bff4,include,241,
502db4d4e7bd,include,242,
6f93ee4938e3,include,243,
266076503780,include,244,
c21e5c3f4079,include,245,
349c85ac46df,include,246,
f84a936b273b,include,247,
28ab67c2d22a,include,248,
9636cfb13bd3,include,249,
48c02de7e75d,include,250,
df75588a0f00,include,251,
6d0228254380,include,252,
249b9e3ca6ca,include,253,
66c3f7c0b3fa,include,254,
a8739640129b,include,255,
b5820c538b42,include,256,
9ee655919eab,include,257,
f85bdc99d9eb,include,258,
c44a5eb1ea97,include,259,
ef6c94772207,include,260,
14fdfddd83c1,include,261,
8248c1859e99,include,262,
f6f02d1125ec,include,263,
d288059de52f,include,264,
78cc9d5068f3,include,265,
7b4b01100661,include,266,
6c3031bde637,include,267,
1408969938cb,include,268,
653f44f966be,include,269,
53585cb7d779,include,270,
e35ea72a378e,include,271,
815859d7a871,include,272,
95ecf8c43fd1,include,273,
3c79c53d5d90,include,274,
881dd9b94148,include,275,
45b4b55f62a0,include,276,
d3b69359c2c4,include,277,
f7f4962052be,include,278,
f9f0249a4f6d,include,279,
8d8d76478f6b,include,280,
ba9b439040f0,include,281,
15d31a5b9de0,include,282,
0a93e593b622,include,283,
3b7d3889d285,include,284,
ff9590d2d73c,include,285,
e41a9ec8651b,include,286,
1364a8bd9dd5,include,287,
81f92de64876,include,288,
a85f52d4b8a6,include,289,
6ac0d0a3c55a,include,290,
7c6e8af63f61,include,291,
1ef2c5762174,include,292,
479092dfcc1c,include,293,
3ad8a5b1e8a5,include,294,
6d5768682408,include,295,
ff4a0b1ea951,include,296,
7012f13a70a3,include,297,
8273c874208a,include,298,
1694a492105e,include,299,
22fe2d3f461c,include,300,
ff46fac9e8e5,include,301,
df8c7213a65b,include,302,
121ada5f7f33,include,303,
2a30634a164e,include,304,
47412220e1bb,include,305,
25a848404367,include,306,
02446759dd9a,include,307,
44824dda406f,include,308,
0e33c7655106,include,309,
631717352091,include,310,
081dbc9360d1,include,311,
99e391ee5e85,include,312,
683bece8f94d,include,313,
abf670013010,include,314,
54deb7b65eff,include,315,
cd5dc35d5f39,include,316,
b8d45bd6ab6d,include,317,
288305d31b7d,include,318,
eb0c39bcd618,include,319,
3a4b78215cc7,include,320,
560d9d98e1cf,include,321,
753bbdcd489d,include,322,
e3f607c31738,include,323,
e4ff7159708b,include,324,
5c9fef8c2825,include,325,
6eea21331f28,include,326,
c2b35b800039,include,327,
cb5579ed5567,include,328,
7594aa350335,include,329,
d349fc59251c,include,330,
f5ef23cc1373,include,331,
74c6ac2ca350,include,332,
34fc27290f18,include,333,
94dbaa0bc6b4,include,334,
5320ba42c1ca,include,335,
8e431c2a2616,include,336,
4a0aa5aec642,include,337,
272fc6ffdcaa,include,338,
c09387a1f1d8,include,339,
ed111831958f,include,340,
4b57b84a649d,include,341,
774364c6da63,include,342,
81524ed5f23c,include,343,
e14997ee339a,include,344,
e922f913e80b,include,345,
6ada0d7962c7,include,346,
3fab5659cbf9,include,347,
105efb709ca9,include,348,
3e373f43ba5b,include,349,
bb719c33a7f1,include,350,
bf6bfac8ba8f,include,351,
26e27073cdc6,include,352,
8f553bfb1077,include,353,
0c1e775cac88,include,354,
d24184e88415,include,355,
c945ded90aa0,include,356,
93ff9980959f,include,357,
10a6c42c33b6,include,358,
3415b7e66e1a,include,359,
82475e54c193,include,360,
cb3e3aa597a2,include,361,
fbec16f60f72,include,362,
918b8a5f698d,include,363,
48554ad14632,include,364,
267d884ec627,include,365,
7e5d0a8fc172,include,366,
a7ee58fcfebe,include,367,
b69e5fca1ee6,include,368,
2b34eb642f89,include,369,
2431edffd251,include,370,
b887579f0e85,include,371,
8d50523258ba,include,372,
cca26b715202,include,373,
5943a6e3672a,include,374,
3baa4fe5997b,include,375,
99d3efa89dee,include,376,
416ef4a162ad,include,377,
f93112e0b03a,include,378,
ef9db5fc8faa,include,379,
13225a1ff601,include,380,
199b9e822698,include,381,
da768cd478c3,include,382,
2724eb4769a3,include,383,
8e9d2c7faf8e,include,384,
01877ad38ab2,include,385,
c434305b37fb,include,386,
79ac67bc747c,include,387,
cc1442611f8f,include,388,
6c9ad0da68b0,include,389,
00c17032f4af,include,390,
c50cff63fd9e,include,391,
cde7374bcb27,include,392,
320f6af2c3c3,include,393,
40e4c7fdd4ac,include,394,
a519a5621884,include,395,
47aea040b443,include,396,
445390064c30,include,397,
30582038a7ba,include,398,
3a13b1eecbf9,include,399,
5761d4b2accf,include,400,
5a9835a859bf,include,401,
b660e6ffe7f2,include,402,
a46c5a11b5dd,include,403,
cdcfb3641d11,include,404,
1a201d2a908d,include,405,
6f1b03c4209a,include,406,
a548908100f8,include,407,
37cf5f16057c,include,408,
ebbdd376073e,include,409,
2c22225a38e7,include,410,
2322e385b8e7,include,411,
56d3406d0060,include,412,
66969a83b1e5,include,413,
4d07c1a00ccf,include,414,
7290c9df8495,include,415,
5ab70b61c1dd,include,416,
cb19eb039ea0,include,417,
5fe9ed3a3309,include,418,
7ad40f5ddc1b,include,419,
5038dd17e710,include,420,
3a2e5929d274,include,421,
726829eb320c,include,422,
8928ed18e85e,include,423,
f1123ce2257d,include,424,
775d4b298ecd,include,425,
0e28114f39a8,include,426,
9c4d41df3a8f,include,427,
71e349feba65,include,428,
2db341a16378,include,429,
c4a9c7b30ca0,include,430,
17f5df5d66f8,include,431,
69a4901976a9,include,432,
601342698bf8,include,433,
ac353828bbe2,include,434,
6dde72dee12e,include,435,
89b56ad51ea1,include,436,
87ac65c206bd,include,437,
f190da5cb928,include,438,
a9fb068595f2,include,439,
af40bcae1738,include,440,
7674244c8696,include,441,
bf12463fd336,include,442,
c78abc502e8c,include,443,
7696b700dd04,include,444,
b9c677158cd2,include,445,
6f039fcdad9d,include,446,
a17ca35610c0,include,447,
0d70169cb87f,include,448,
1bf880322e6f,include,449,
b7b5ffbce8ec,include,450,
47c971666aa3,include,451,
70c24af033e9,include,452,
4c43abf66c3f,include,453,
ef7a18930d8c,include,454,
dd027f6961f2,include,455,
19f86b687f0a,include,456,
ef5089b10216,include,457,
53bdb7dbe847,include,458,
ae3214daf9c0,include,459,
b00a37a6d123,include,460,
e95df371539d,include,461,
28040c35f224,include,462,
93a7b6c5090c,include,463,
e1731c705f63,include,464,
d74a5ac7f26d,include,465,
6ae6f9e3fd3c,include,466,
b9ec84f4d48c,include,467,
1563ac0e1f56,include,468,
e3434caf5201,include,469,
cbc953d2f213,include,470,
4199e72a2bd9,include,471,
0f8e97542866,include,472,
c91a2002db67,include,473,
f3fca17ab5b9,include,474,
e07adedbb71e,include,475,
b2e3a85eb805,include,476,
d7a6984be5ea,include,477,
5055abe66b26,include,478,
7f5135581c08,include,479,
17bf34700dca,include,480,
7e3bc9e2594c,include,481,
e85c4a57b404,include,482,
3a49dfa36a75,include,483,
333fcec01f3c,include,484,
4bfe441a5ebe,include,485,
f51d7f8a806a,include,486,
c47a454352d5,include,487,
3f4c5ad6749d,include,488,
7f2aefbbc98e,include,489,
9b277c9234e8,include,490,
305e196564db,include,491,
9cd06f2b8d59,include,492,
e6656ef470fb,include,493,
9434f594bdeb,include,494,
84607718e1d1,include,495,
c57f6422ed7b,include,496,
60a212dbae8d,include,497,
95bdd4ebaccb,include,498,
b078eb45a65d,include,499,
17bdd7cd3645,include,500,
35507c982d46,include,501,
344e559149f0,include,502,
2fe0d0f15604,include,503,
596d3496c56c,include,504,
fd02bfd67f35,include,505,
57294220386e,include,506,
5d534083c368,include,507,
f9a124509116,include,508,
a538cd2dc13c,include,509,
9b0178255b11,include,510,
66f43397ba83,include,511,
41117d70ce75,include,512,
6ce12ea7c2bf,include,513,
043c86dcf856,include,514,
4d4ca23d6730,include,515,
6f139839ae4c,include,516,
5920e3549713,include,517,
aec9319e6bc0,include,518,
83d92c34b411,include,519,
16cf6f6f479e,include,520,
737d5632ca95,include,521,
3a64b1f387c0,include,522,
4b3a898e67f5,include,523,
c70de9d73132,include,524,
848786aa7684,include,525,
1312e9d3c55e,include,526,
af4e619c425a,include,527,
e35ec32a7538,include,528,
154d9e2f9694,include,529,
e8ec57602361,include,530,
b279e3fffca1,include,531,
4ca8d42700a5,include,532,
da48095bcac8,include,533,
b58f4a78e015,include,534,
693386893e08,include,535,
dda7775da9aa,include,536,
5a7fc9a445a7,include,537,
2de072636285,include,538,
d95a84f9ce02,include,539,
9eb296f23a10,include,540,
75a7b04fa681,include,541,
a58363b0d404,include,542,
c2e73794f1b5,include,543,
1caec67a4a64,include,544,
374d8058ad85,include,545,
bb16bc1de89c,include,546,
8f37ab520cf2,include,547,
f96b7eb14d34,include,548,
3ff552a83701,include,549,
40a3c608cd3f,include,550,
89d075146591,include,551,
20e9442a73f0,include,552,
fb276a1ffe6c,include,553,
e1288a3abc99,include,554,
09cb0dea571e,include,555,
6684e6c1b57f,include,556,
7e36d7116374,include,557,
438ff2817b3c,include,558,
576b67ad55fc,include,559,
48cd8220e3b2,include,560,
b5445c937382,include,561,
1d61dc8cc386,include,562,
f90a7465308c,include,563,
8dd5dde4f3f8,include,564,
7d3e1c40ce3f,include,565,
81bc9b813730,include,566,
14b74e1f6b87,include,567,
50c5c0c16e36,include,568,
78f5cf8e7205,include,569,
6377e377053e,include,570,
ca68874e8d57,include,571,
9c0ebeda77b5,include,572,
a83e3ff80810,include,573,
4dedac94282f,include,574,
1b7d8c497d7d,include,575,
28128a9eadd9,include,576,
3d9e0dee0f26,include,577,
c5fa20e739f7,include,578,
f2a455000f2a,include,579,
f35b471dd0e9,include,580,
414fc4a75df0,include,581,
b6063998e65d,include,582,
7ab621d7747a,include,583,
da7ecd113b59,include,584,
fc4c3967c783,include,585,
337bf4092fbc,include,586,
963ca4c12a61,include,587,
2c74be1a024b,include,588,
3935d02c9bc4,include,589,
e171dadde4cd,include,590,
32d5543379eb,include,591,
2696bd237191,include,592,
a0bb411d1801,include,593,
fff4ed8e0e54,include,594,
aeded818fc67,include,595,
3fe31dea1f88,include,596,
67aafe248e3b,include,597,
5bd5a79bc18a,include,598,
7f91dcfbca63,include,599,
94db45b6ef20,include,600,
33968c404556,include,601,
cd4f9d5ca17e,include,602,
4c7925a28627,include,603,
c6d03068fd05,include,604,
645e6ec4f04e,include,605,
b63d8c090231,include,606,
a475433e3e37,include,607,
38169ac72400,include,608,
670ab0b08451,include,609,
652f435562db,include,610,
e660a62416d5,include,611,
3dab03adc3b9,include,612,
c9d3c8bd3930,include,613,
2ed32d6e6377,include,614,
fbd8c3e3015a,include,615,
acc55c7d6a2a,include,616,
3d5ea7697e65,include,617,
0461a0d0b4d6,include,618,
1a0d37057236,include,619,
ebc26d3b1089,include,620,
004e110a1e34,include,621,
bd5a98f37c33,include,622,
cd337a0fd69c,include,623,
fbaaa4d89d56,include,624,
7af07e74f9a4,include,625,
2cec53ded6db,include,626,
d5410f88017c,include,627,
3764a78d72a1,include,628,
a980923d8f37,include,629,
3aae6a1d72b9,include,630,
8eecae794ba6,include,631,
96afa48cba5f,include,632,
5a37fc259055,include,633,
02d9952d184a,include,634,
e32b9de6f7fb,include,635,
b53810c19fef,include,636,
a1de67fd60d2,include,637,
58a29f9f57a7,include,638,
3adb18321a79,include,639,
92a36510d022,include,640,
313a1d740d27,include,641,
bef410fcb09f,include,642,
4adb16a5e179,include,643,
da3383e071ae,include,644,
7eefd96d7f06,include,645,
f3012db8336c,include,646,
67966deed568,include,647,
a952019da89f,include,648,
0097bf4e96f5,include,649,
6e5c81beaefd,include,650,
9941f00c01c0,include,651,
94ba05f2ac69,include,652,
4a60a981fbbb,include,653,
0278d4930fe7,include,654,
83317aae0ec0,include,655,
fc9bdffd2320,include,656,
4e5a1a37eade,include,657,
35cb421cb672,include,658,
7c0152f689f2,include,659,
88e7d870aeb0,include,660,
879b52bf6e4f,include,661,
399db41f0f9d,include,662,
363e6edfe7ec,include,663,
b421867d4a66,include,664,
de1cd931ad3c,include,665,
47be5ca38bca,include,666,
e3f0d48b8da0,include,667,
07e7cb251260,include,668,
34f592e33460,include,669,
aa1d3ecffb05,include,670,
d43914334783,include,671,
dbe897aaf668,include,672,
4350e1cd1404,include,673,
923c14223a08,include,674,
228c86b4e0a3,include,675,
52e0df095385,include,676,
04f8c09bc88c,include,677,
68cb74ff0639,include,678,
2970b0f6fd48,include,679,
f6c404e63d0f,include,680,
dd43141323b8,include,681,
29c61489dc19,include,682,
97469b33024d,include,683,
b526f8d97475,include,684,
eaecc410144e,include,685,
c7df20032013,include,686,
75eee58caf3a,include,687,
ce2db00aac7a,include,688,
2309d490f2f5,include,689,
e59436f891de,include,690,
dc81543095d7,include,691,
b1450afbccd7,include,692,
389cd1392f94,include,693,
1ec8fb7a4c71,include,694,
c1aaea2a5542,include,695,
146a99b9b311,include,696,
0f7f90373ad0,include,697,
ebcab7d9f3b7,include,698,
136790c5fbc5,include,699,
21aabb7081dc,include,700,
ddd77f0637f4,include,701,
bd26bf78cd53,include,702,
043b5343fb3d,include,703,
c1358ec0f6a6,include,704,
171bbe825279,include,705,
a7570b07c53f,include,706,
9438a1638e0f,include,707,
371491206a2d,include,708,
296dd193c78f,include,709,
a72390704cc3,include,710,
90c75101dec0,include,711,
2ac5434e54ce,include,712,
e67c37b613f5,include,713,
4ee4d5f63858,include,714,
62182387705b,include,715,
8b9e92a06fef,include,716,
9629fc8c96a9,include,717,
651f11d727a7,include,718,
3c41e6457d80,include,719,
a08a1c029fcb,include,720,
9db159f5c6bf,include,721,
10a26ee296f3,include,722,
56176dc5f8a2,include,723,
db98fdd34274,include,724,
5ebcbd48a8b3,include,725,
4014c07bc061,include,726,
aa7636e1bf8e,include,727,
3e67731723a5,include,728,
47e7c9727716,include,729,
dfb5384e4aec,include,730,
06b8dff14727,include,731,
e884248dc62e,include,732,
af97b3036cf8,include,733,
31bc2674b2ce,include,734,
d2d3ddddcdf5,include,735,
439a750eda8c,include,736,
3d5c4a25134d,include,737,
4f4e436801e7,include,738,
d676ccdb12e2,include,739,
270d264b98f3,include,740,
52b948ec890d,include,741,
e0749294c772,include,742,
60e914ec3bd4,include,743,
47f4148f90dd,include,744,
5a5bcd7b5e90,include,745,
745ec295ee85,include,746,
993b4e035b55,include,747,
e2becd2f9940,include,748,
14b3e6b32874,include,749,
913ebd42e6a2,include,750,
54991ed1926b,include,751,
dc95728f26b5,include,752,
cef74a3d2c40,include,753,
c73b23aca8f1,include,754,
261295f1b35c,include,755,
17f0357b6911,include,756,
d05bf542e350,include,757,
7cf47d732c00,include,758,
4874de92eb58,include,759,
ce489954916a,include,760,
7dd27ce5eeb2,include,761,
e66fe6835f86,include,762,
4b7781910062,include,763,
facfbb52d1c8,include,764,
af5a43696934,include,765,
2b18608f6860,include,766,
d0556bbc1140,include,767,
d1e6a91e7f11,include,768,
d3bab0891316,include,769,
f5008829f953,include,770,
dfca7435a13e,include,771,
800bf15c42a5,include,772,
0c49909a73ca,include,773,
a07dffd5f70b,include,774,
989278ccde89,include,775,
ec9bb9c44a50,include,776,
b53a1a4c76d9,include,777,
85e9109e6bb0,include,778,
266f81b4ac03,include,779,
8a2ce0575ff1,include,780,
73c745902dc0,include,781,
95691e1c06a8,include,782,
872c48c8888d,include,783,
581a9bdd2510,include,784,
79a526ef5902,include,785,
872574ba502f,include,786,
744b0030569f,include,787,
fffb77c6cb09,include,788,
e7cef58b688d,include,789,
fd441af0a71d,include,790,
19cfac96e8fe,include,791,
055b25e50d86,include,792,
0aa9041830b4,include,793,
ab8e6645a46d,include,794,
bc7bb11dcd2a,include,795,
ee64df80dd51,include,796,
a1b3ee903c9c,include,797,
6eb61c248ea7,include,798,
9dae3077a331,include,799,
f407c516e84f,include,800,
0f653c8125d6,include,801,
21ddd7a0f13d,include,802,
dea554bac8c5,include,803,
12afb3794569,include,804,
092f61fee6d5,include,805,
5271e4cbb8d4,include,806,
bf3bef589fe1,include,807,
a3479b6cce2f,include,808,
c4d2efe62203,include,809,
699e78f2a0b9,include,810,
79e0e9ecffb8,include,811,
db0868f018ba,include,812,
687255f02e71,include,813,
7a47e22ecc89,include,814,
66dc53bdd1f9,include,815,
91d5061083cf,include,816,
f67f10383234,include,817,
084ef0fa0219,include,818,
db3b1e1ff5d5,include,819,
c0fc8b113e0f,include,820,
30ae711ceb51,include,821,
e3a9c22df0a6,include,822,
526fcec10f82,include,823,
6e0380dce3b2,include,824,
de2215e7093e,include,825,
2f9096b00d49,include,826,
3ef656673c2f,include,827,
c1c095fefec7,include,828,
24d3be2de2b2,include,829,
099e3e1f58a8,include,830,
5d557f03646f,include,831,
98b73cdcc6a5,include,832,
6fc17343ee44,include,833,
82dd51e6c2b9,include,834,
d2b627a2805a,include,835,
2004cd587678,include,836,
b9fc702314e4,include,837,
364a53b48fbc,include,838,
166e6b2e7658,include,839,
ae1e3d84fe2f,include,840,
5413b7728054,include,841,
90c03e312cf7,include,842,
da38798f7bda,include,843,
f99d72e29731,include,844,
6d38c9fcd7b6,include,845,
7ed9c37834b6,include,846,
0a7f6ad8f31f,include,847,
993023f7ed18,include,848,
852010d3745d,include,849,
99aea79cc746,include,850,
6613157192db,include,851,
0bbf821c8446,include,852,
df0ad987d549,include,853,
8d0a8e0b8ad0,include,854,
abe124850283,include,855,
616ee77e87f8,include,856,
a01f6e902e50,include,857,
5f6d8ada1ba7,include,858,
5ba32e8e8a7f,include,859,
b8dcb2e989c2,include,860,
0fe08c35909a,include,861,
cfcb7257de94,include,862,
6450f5303004,include,863,
5648190431a4,include,864,
95047bf5cafe,include,865,
815687ced562,include,866,
2f22ca7eee67,include,867,
4e3beac0063e,include,868,
2dda1d1ec394,include,869,
e1dfdd91351f,include,870,
a647c0eec342,include,871,
050c4f8479db,include,872,
2831368bf1cf,include,873,
0eb7690657f2,include,874,
63070f4a9f61,include,875,
49dc03e35036,include,876,
7a60635303c5,include,877,
c2cfd5651210,include,878,
0589931d86b4,include,879,
b80c0b2a69b6,include,880,
ab88475c4993,include,881,
a2ef2c00e8af,include,882,
d01537e3fcac,include,883,
5805273938c6,include,884,
14e56c25a362,include,885,
af45f323f9be,include,886,
dcb3f7f3deb6,include,887,
50989fdc9ad1,include,888,
236750d195e6,include,889,
b2d1ecba06d3,include,890,
5d885776a7f9,include,891,
5a52e7b33420,include,892,
69d6b22bf76c,include,893,
163587ebd2da,include,894,
862fc759b55d,include,895,
d75dc8967f30,include,896,
14ceb7e36df7,include,897,
faf3e04b0d38,include,898,
196d41c96981,include,899,
b1dec1d51695,include,900,
b5e9ac66ddce,include,901,
bbae5f143d1d,include,902,
709de62439b0,include,903,
150d6693471e,include,904,
ef99551dab0f,include,905,
422b7e1a0202,include,906,
741e66d789d0,include,907,
abcb78d9c9b0,include,908,
c759041ceebc,include,909,
11aa443287c0,include,910,
b42fac5de917,include,911,
39aed853f863,include,912,
4ae9c89aa263,include,913,
9f057e048bbf,include,914,
e2ab2ee964f2,include,915,
0d16e0ce385c,include,916,
4ef1fb3004bd,include,917,
a7780729de6b,include,918,
eba3339b9306,include,919,
dd64e4b7315d,include,920,
e60a58d4d883,include,921,
449a33658568,include,922,
cf7e9bf9a79f,include,923,
1c1c816351f4,include,924,
2951a9ca33fd,include,925,
ff1ca5cb3bcd,include,926,
cd6d281e7994,include,927,
a704eb93a86a,include,928,
aa58cd2a6c6c,include,929,
ad0c0a611947,include,930,
e9e49c657667,include,931,
f17c84a74c40,include,932,
c8cdc55500d8,include,933,
bc780e1d873c,include,934,
29f0090eef80,include,935,
fddc282dba6f,include,936,
42bf92004372,include,937,
c75d79b81c99,include,938,
4159744f2484,include,939,
8d9fbaf6510b,include,940,
4916806398a0,include,941,
158dd504663d,include,942,
89693038cbd7,include,943,
09235fec074a,include,944,
4e182eab7186,include,945,
583acc3a63d9,include,946,
3a25c945036b,include,947,
eed6e245a958,include,948,
3bf7bbec10c5,include,949,
06b06a58038e,include,950,
f908383022bc,include,951,
f9a4ea0df88e,include,952,
351b5122b08d,include,953,
0030bd185e0d,include,954,
a4cb146201fc,include,955,
de7c20d08bbe,include,956,
82ee5df1d799,include,957,
1fd00324cd54,include,958,
962b76f4a1d2,include,959,
6a317336ca81,include,960,
34c848366458,include,961,
3fc955eb39ed,include,962,
ad6176cb9a5c,include,963,
09ddf1465f41,include,964,
78f6379ed79b,include,965,
470373e435d2,include,966,
f5b08b61bcf9,include,967,
837f13f527f7,include,968,
855c16c86b49,include,969,
bc2f11ba07d0,include,970,
5f3d1421cca3,include,971,
c56c0848d94b,include,972,
6e3ee30533e9,include,973,
8fc35690e0bc,include,974,
262d95d79137,include,975,
e66cb36e18ff,include,976,
25195c44d48d,include,977,
a146239facf5,include,978,
0dc4d9490b01,include,979,
b8057faa8a23,include,980,
c56a3ba7d912,include,981,
dcc9f218d7a2,include,982,
a66dfb1dac42,include,983,
02b31561bd84,include,984,
4b22c753a5a4,include,985,
3e5cb9f5d017,include,986,
ad79bfb0cfd8,include,987,
88ad6c2e706d,include,988,
148be08400da,include,989,
cfc22a0f0b6b,include,990,
24214fd686d6,include,991,
f4883fc328d4,include,992,
221ee51dfa9c,include,993,
972faa34c6b1,include,994,
fe2c5daa8bb0,include,995,
61ddfc094582,include,996,
25812a85c3a7,include,997,
438a4866b835,include,998,
88e4367e3778,include,999,
d0cb5c3f2a63,include,1000,
3e0a6e2b4120,include,1001,
c784a08e2043,include,1002,
f478cc9e44a3,include,1003,
c13a6f8fd044,include,1004,
722ec8f0e5c6,include,1005,
a2b747cae698,include,1006,
cac66b38c5fe,include,1007,
0f169dc8358d,include,1008,
4bd6287860da,include,1009,
962a7adb6ec4,include,1010,
b23d05ab36fa,include,1011,
629ad7ff1054,include,1012,
bc01d6c7a185,include,1013,
3f5525bb16c9,include,1014,
de8a36411074,include,1015,
265227e71292,include,1016,
7c795b799d02,include,1017,
e531d7ff950d,include,1018,
45eeaf97f6f9,include,1019,
2e9f88ec6794,include,1020,
183a4cb39dd8,include,1021,
44fb13c66435,include,1022,
17e2a819d8d1,include,1023,
f6abd7a9772b,include,1024,
952f95262a62,include,1025,
4d381dd0cfbe,include,1026,
08fb77995e47,include,1027,
aa74f873e447,include,1028,
4a14cafe98f3,include,1029,
cb2b33577b51,include,1030,
b0d54be4445d,include,1031,
19660db0b2c6,include,1032,
283b2a206700,include,1033,
aa8d930f4f4f,include,1034,
2be6c71c7a00,include,1035,
049342dcea54,include,1036,
1989d870081a,include,1037,
c0bdb4f7322b,include,1038,
71ed62112b8d,include,1039,
b46150b41b1f,include,1040,
c7cb4b2a21ac,include,1041,
b2cc85a6587a,include,1042,
4b5f87ce3013,include,1043,
346b80c33fe2,include,1044,
076cb93860b0,include,1045,
02d6237fcc8e,include,1046,
86ebf109f0fd,include,1047,
6257d900d3ef,include,1048,
5d78bb792399,include,1049,
52249e55830a,include,1050,
80163d5cec5c,include,1051,
507abaec3072,include,1052,
1b15f9543ab4,include,1053,
dc03bda6f16c,include,1054,
4f97b2b346b3,include,1055,
47df72c095dd,include,1056,
6e43ede17721,include,1057,
66dcb2572139,include,1058,
4c322292e756,include,1059,
709eee39df31,include,1060,
5243bdb4aa73,include,1061,
87a595d46367,include,1062,
885ebde45ec5,include,1063,
2fafb66149df,include,1064,
d6de8ee88058,include,1065,
27472e2b5157,include,1066,
36f177ba538a,include,1067,
d85be19938f4,include,1068,
bda61984dab6,include,1069,
4b808e14a12b,include,1070,
fb4d136f7b1a,include,1071,
4ac0fb8f2917,include,1072,
b327b7c8f182,include,1073,
00a87d2f3a7a,include,1074,
d93774a0f763,include,1075,
3fee12f764d9,include,1076,
209b60e39ac4,include,1077,
2bcea2efd785,include,1078,
08249ab49c6a,include,1079,
223ed1df56d0,include,1080,
fb499d357762,include,1081,
9e29b5ca3619,include,1082,
e6692a4012cb,include,1083,
d16c5ab71ea8,include,1084,
9a12ddd4d5b7,include,1085,
9105b7dc6da8,include,1086,
f570d95b26f4,include,1087,
c5067c828f4b,include,1088,
6d451164e3e1,include,1089,
4c50b01d13fe,include,1090,
b6bdf9133adb,include,1091,
05c0e578f163,include,1092,
6ced59f1d37f,include,1093,
38cdd21cc10f,include,1094,
f6a68745c2f0,include,1095,
3e960c943137,include,1096,
cf30c27e711a,include,1097,
a3f8678eb70a,include,1098,
0e9ded454de6,include,1099,
bcb3f9afc891,include,1100,
e28a4e8cab10,include,1101,
2b409123b32a,include,1102,
4bf145be7a93,include,1103,
f6b65b265aa1,include,1104,
d0ac29fc70c0,include,1105,
e26fb3213b2d,include,1106,
e52f3f130a75,include,1107,
650b092b068d,include,1108,
d63b38e5c629,include,1109,
8154d6cc12dd,include,1110,
13e61b925320,include,1111,
5f49b8e8a7fb,include,1112,
0ab4724fd60f,include,1113,
438ac3adc8e6,include,1114,
218efe20a747,include,1115,
0f3ca610014e,include,1116,
f4128265a325,include,1117,
435a5114b884,include,1118,
4f428be7e7d7,include,1119,
682f284c5e8a,include,1120,
c22325ab4bfd,include,1121,
1974114a3511,include,1122,
d5c55acc5d18,include,1123,
8125642d9f68,include,1124,
f9a89dd17800,include,1125,
160c7e4ac19a,include,1126,
c8047c2ddfb9,include,1127,
cd757f23905e,include,1128,
ba2626d6aaf4,include,1129,
5ab77e03ac9c,include,1130,
5988e9a5f6b4,include,1131,
2337475ae3d1,include,1132,
b8634b9c1184,include,1133,
2847a2eb4ddc,include,1134,
f626b9a196e3,include,1135,
25a691fb4c7a,include,1136,
e6d5993eabdd,include,1137,
b89839f3a3c2,include,1138,
23dfc04a7391,include,1139,
b9c9421b1670,include,1140,
f90adf90a78a,include,1141,
a8521b15552c,include,1142,
f3c58d4ec6ad,include,1143,
9f73042fd5c5,include,1144,
84d0ac9c9ecd,include,1145,
75b1fe1e1437,include,1146,
d0e44b323ad8,include,1147,
6df543f1353b,include,1148,
b9054ea1a95e,include,1149,
f97ac6971e20,include,1150,
08431cc80f23,include,1151,
5a14221c82c6,include,1152,
0f6913ca8c7f,include,1153,
5682e449de45,include,1154,
8873b0e7f615,include,1155,
75ef856a4c1d,include,1156,
f80b91b253de,include,1157,
9b2873973a84,include,1158,
7efb288b26ee,include,1159,
313cc5fc1327,include,1160,
6e6696a9c05a,include,1161,
624aec9ce342,include,1162,
a4777ce71497,include,1163,
672219d17d19,include,1164,
389fef924440,include,1165,
5e497f8dc518,include,1166,
917752bb41f3,include,1167,
926ea4a824f5,include,1168,
52b1d7c50b82,include,1169,
c4f50a6789cb,include,1170,
36432eaf1f31,include,1171,
d3ce487b889b,include,1172,
909d68c51c97,include,1173,
4b3e325919c7,include,1174,
9c538f62ee78,include,1175,
01326ce2213f,include,1176,
dbeeb4beade9,include,1177,
6fe647d99f7e,include,1178,
ad39fdf1f744,include,1179,
1facafeaab71,include,1180,
5582d5195588,include,1181,
f92a73e662cd,include,1182,
4ec82736e3a4,include,1183,
26908b5e0542,include,1184,
dfb7ad6ed737,include,1185,
5beb1712456c,include,1186,
d7416dc8b0ab,include,1187,
dc8dc940ba18,include,1188,
8c00f02174f6,include,1189,
a48767ea7c59,include,1190,
1a0199482fcc,include,1191,
53c18f7c3573,include,1192,
840dfd1b1832,include,1193,
34a2b9c8ea7a,include,1194,
8e9b91bf70a1,include,1195,
31bdb5654098,include,1196,
eeed680ba5df,include,1197,
de46c1190565,include,1198,
be6670cbb1bc,include,1199,
e11c6b7278cc,include,1200,
549d3acc55c1,include,1201,
d0ef44077faa,include,1202,
92948f73b470,include,1203,
82a3a295b509,include,1204,
d24e3c54bdbc,include,1205,
a426a8634e23,include,1206,
f537384ed614,include,1207,
8af0b72fbbe5,include,1208,
100335736ba1,include,1209,
96f85cc194af,include,1210,
9db1f2a6b2c8,include,1211,
b10675522f25,include,1212,
ccb38f75da3c,include,1213,
ee12789d167d,include,1214,
31642c6e2dcc,include,1215,
1eb085c306aa,include,1216,
7757b0d161e8,include,1217,
eea90e6f38d7,include,1218,
fda8d7abd47c,include,1219,
1455b748b300,include,1220,
d76d18f830e6,include,1221,
86ef87b3ed13,include,1222,
31949f2fdd5a,include,1223,
92325e89d014,include,1224,
4b5649d81466,include,1225,
b6a55230434d,include,1226,
cdf086342387,include,1227,
b2aee36cc033,include,1228,
9636368991e9,include,1229,
794f17b18876,include,1230,
388528c3988e,include,1231,
d0176849806b,include,1232,
fd6d12958e8e,include,1233,
d551d4877199,include,1234,
de32b11c9b35,include,1235,
a225d610f314,include,1236,
130e57f7f90b,include,1237,
4f371e712f42,include,1238,
d2cb852c38b3,include,1239,
24ca4814e7f2,include,1240,
42929f9e84bf,include,1241,
77f0bbb6e5f3,include,1242,
435c6054b201,include,1243,
02d8954f628d,include,1244,
3c93fa52d7f0,include,1245,
922d5773e536,include,1246,
59e893a5a73f,include,1247,
3f1fa2c6191f,include,1248,
a2c0d9c263b3,include,1249,
56950951b57d,include,1250,
248782863376,include,1251,
5f8aaf886d0b,include,1252,
6efded9e824a,include,1253,
e4c084c0c4af,include,1254,
cd9b7c83ff08,include,1255,
c324e778d24f,include,1256,
5108ae937d7c,include,1257,
021f099278c3,include,1258,
cf6528563948,include,1259,
b377018e4501,include,1260,
814040fcfdb1,include,1261,
e8de3f46e2ef,include,1262,
d07bf0de088b,include,1263,
0ab7b084aacf,include,1264,
ce4543302c65,include,1265,
c151d7063055,include,1266,
dca63675e36a,include,1267,
b165b5d46a5d,include,1268,
62ed79c3a22b,include,1269,
355d64e249dc,include,1270,
6c3fc616c6a6,include,1271,
9d9e8d93d1af,include,1272,
05a35224ccae,include,1273,
2b1b2690f8df,include,1274,
82ed0c8b3a0d,include,1275,
6d906faad0fa,include,1276,
3e3b44db6637,include,1277,
ca145b1d8626,include,1278,
9a08c18dcfb8,include,1279,
785cff4dbd07,include,1280,
3666d0cc8d8b,include,1281,
c48c60134357,include,1282,
00da74dc67ef,include,1283,
d8858dd025e5,include,1284,
21d2dd64ba20,include,1285,
ce060a15d325,include,1286,
918819c5797b,include,1287,
67e140e9d88b,include,1288,
7c50b7e7e779,include,1289,
4ec68b3aaabf,include,1290,
07ffc6d017ba,include,1291,
40688b7b3cf4,include,1292,
ebb295aed9c9,include,1293,
ff3de228d8e3,include,1294,
74787bc29ec9,include,1295,
6d9e5b3dd4ee,include,1296,
b7d3f73204de,include,1297,
29d0b80befa9,include,1298,
d89b6cfb4c26,include,1299,
9405b3330b09,include,1300,
68ae27696ee2,include,1301,
25dc60c43aab,include,1302,
0e121f323f82,include,1303,
b610c2e71d58,include,1304,
83cb37fc4b65,include,1305,
3654a468b88e,include,1306,
82fc99b15a6f,include,1307,
0b6f7c6c4152,include,1308,
c9a09b2ad9d8,include,1309,
cccc9042f8dc,include,1310,
1874b37c6aed,include,1311,
916504439e5c,include,1312,
661877e3f7b1,include,1313,
958cc3a55539,include,1314,
a53a37d854a5,include,1315,
f5c6181652b9,include,1316,
ec3aae75d526,include,1317,
d03a5160a84d,include,1318,
cc92ea951274,include,1319,
b87ae3696db5,include,1320,
01fa1953181a,include,1321,
09b4bc210a8c,include,1322,
30ba9d2c856c,include,1323,
2caa22c30648,include,1324,
46a84d644f88,include,1325,
b76456b2e7eb,include,1326,
473d4881d50c,include,1327,
5d089986c201,include,1328,
269cce15f469,include,1329,
3050f2c5e982,include,1330,
087a3c017e84,include,1331,
be40b988351f,include,1332,
18576953500c,include,1333,
0fcc59501da7,include,1334,
687000cc5f04,include,1335,
7fc84a132392,include,1336,
6884de59fe05,include,1337,
9663b138dc50,include,1338,
d806e0705e44,include,1339,
32f2ed40d0f3,include,1340,
59ad2ae8200f,include,1341,
7f09d7df1f04,include,1342,
8273e177c43d,include,1343,
87d878dc990b,include,1344,
78f1c44bedfc,include,1345,
382ff99d3a9e,include,1346,
183eee816106,include,1347,
84dd39e01196,include,1348,
337857fcde38,include,1349,
e6728e13803e,include,1350,
b0ce7444d10d,include,1351,
2d2ba042d210,include,1352,
d591e8ee53c1,include,1353,
837c19a883d6,include,1354,
275052549dcd,exclude,1355,
d1f6d73a63ec,exclude,1356,
f6036d46deb8,exclude,1357,
c9ac8265d971,exclude,1358,
7c08dd35d2e5,exclude,1359,
e144c172fa6c,exclude,1360,
5e0ebfa7049b,exclude,1361,
2ed48b56028c,exclude,1362,
c2acde9f5bf9,exclude,1363,
4506b658dc59,exclude,1364,
af0d65a6a300,exclude,1365,
fb6489d82fd1,exclude,1366,
18435c8a11a0,exclude,1367,
c4827b5793db,exclude,1368,
0c3d316df738,exclude,1369,
e0b6e8c1ae57,exclude,1370,
238b19b75100,exclude,1371,
92ee9680ac87,exclude,1372,
3ecd800cb47d,exclude,1373,
b83c2511efb8,exclude,1374,
2de86d65f187,exclude,1375,
3bb8af1eea30,exclude,1376,
2508ae0974f8,exclude,1377,
930993e43694,exclude,1378,
ab5e4dc7468c,exclude,1379,
213f8b6bded5,exclude,1380,
1f766e3c9cd0,exclude,1381,
9fd619b02b3e,exclude,1382,
f626111b5d1f,exclude,1383,
045306ad1a16,exclude,1384,
1f628b8e78f9,exclude,1385,
9bce40f9209f,exclude,1386,
b0c70f18a6eb,exclude,1387,
51d58153cf1f,exclude,1388,
50fee8e8484a,exclude,1389,
cd9329dc38ef,exclude,1390,
8916537034ac,exclude,1391,
15ea0cc094a3,exclude,1392,
a4cf9687035e,exclude,1393,
dd4131a6429f,exclude,1394,
853d4af0c903,exclude,1395,
bc7abe57bcdd,exclude,1396,
20bf1514a7e4,exclude,1397,
0cd8120e1361,exclude,1398,
973813aa3d2b,exclude,1399,
e0ed28a14c2a,exclude,1400,
0ae8079263db,exclude,1401,
b443485b86a7,exclude,1402,
7a16eea5653a,exclude,1403,
c2870fb9e3f5,exclude,1404,
2622be6649de,exclude,1405,
bc700ae00f45,exclude,1406,
3715904260dd,exclude,1407,
7225d3d0bac7,exclude,1408,
3257adfbbc11,exclude,1409,
a3f647d3a031,exclude,1410,
ea43c9a43943,exclude,1411,
cbd99d9226f0,exclude,1412,
341ebe678bcf,exclude,1413,
25f4f9f7a0e8,exclude,1414,
03b4e9c0304b,exclude,1415,
97f724169c71,exclude,1416,
73501f9e324b,exclude,1417,
a3c777a86816,exclude,1418,
e7a389fae14b,exclude,1419,
1d715e0cd1aa,exclude,1420,
cf8eacbd6079,exclude,1421,
196691cfdca8,exclude,1422,
0930c1cba9f3,exclude,1423,
f85cc323779e,exclude,1424,
e946791d5bf8,exclude,1425,
46e7ba2644ce,exclude,1426,
68b9ec9dea63,exclude,1427,
63e23282a069,exclude,1428,
922246f45932,exclude,1429,
b2db03525f6b,exclude,1430,
2d94d3af6c3a,exclude,1431,
f8a9dd854c13,exclude,1432,
e77b6ce40921,exclude,1433,
a5362de45b60,exclude,1434,
1d05641e88fa,exclude,1435,
2c82af493007,exclude,1436,
c261159efd06,exclude,1437,
46db6505e091,exclude,1438,
7616bd116272,exclude,1439,
3f371d854702,exclude,1440,
3e0d1df0bfe3,exclude,1441,
d6356bf5a8a9,exclude,1442,
ade485de357d,exclude,1443,
6a9413f38468,exclude,1444,
8fb7c0d106fd,exclude,1445,
7f0f52d2eab9,exclude,1446,
72ea29679e05,exclude,1447,
f8b246a54af7,exclude,1448,
ece886f4fbbd,exclude,1449,
8cab125cea77,exclude,1450,
312e5f1e4a1c,exclude,1451,
5184c3198566,exclude,1452,
aeba35e547c4,exclude,1453,
d41efb46c104,exclude,1454,
e63767c8d5e7,exclude,1455,
8ca6fddc5f28,exclude,1456,
3fbfe4d012a6,exclude,1457,
6592549e5e15,exclude,1458,
6a6abb6df5da,exclude,1459,
15ecb0ef5f59,exclude,1460,
e7e84a5252aa,exclude,1461,
933cb882d120,exclude,1462,
f01115e6fcf7,exclude,1463,
88e005f67ca2,exclude,1464,
00ec561ceb37,exclude,1465,
d5c34b2b4e18,exclude,1466,
97d100b8fd66,exclude,1467,
68b8cb42bfce,exclude,1468,
b4634f8d9776,exclude,1469,
f191fdf66983,exclude,1470,
6e0759631cba,exclude,1471,
754c4cb62645,exclude,1472,
082de7b377fe,exclude,1473,
80e2927c7aac,exclude,1474,
37a393e82ea5,exclude,1475,
4f03781f2c15,exclude,1476,
f7b9fc618725,exclude,1477,
a92bb795bda4,exclude,1478,
1e96ec0e5314,exclude,1479,
9125f8ceaddc,exclude,1480,
59429c69af88,exclude,1481,
e08e212e4778,exclude,1482,
7de8f75ab0e0,exclude,1483,
e6652288c4eb,exclude,1484,
64ed184f01cc,exclude,1485,
e725aca0dd2a,exclude,1486,
cc6a0fa23459,exclude,1487,
ebac20168d17,exclude,1488,
c72e0eb4de4a,exclude,1489,
bad1903fedda,exclude,1490,
434dc0275246,exclude,1491,
5081ec6b6068,exclude,1492,
0df7a9f2fffd,exclude,1493,
4fd3362a7f6b,exclude,1494,
ec4ac46fa37c,exclude,1495,
ce0d033d04f1,exclude,1496,
d15b97b889c2,exclude,1497,
bd5148de917c,exclude,1498,
41d2d7bb257a,exclude,1499,
1f95f99e1c61,exclude,1500,
8f64720d9eb5,exclude,1501,
55e96c75f641,exclude,1502,
c233bf88de0f,exclude,1503,
b7e74c4d86c4,exclude,1504,
0fd25bb2fc0b,exclude,1505,
eb49db8c70eb,exclude,1506,
06bce7947f65,exclude,1507,
7a6e54fc0187,exclude,1508,
c94ac602d3c2,exclude,1509,
6a20fd5a7b11,exclude,1510,
a3dbd02be134,exclude,1511,
417f33df2547,exclude,1512,
2913078f5a2a,exclude,1513,
0d3ad1cebc4f,exclude,1514,
322b79a1d866,exclude,1515,
99ce869b708b,exclude,1516,
362928c90594,exclude,1517,
774d2b8eb9f8,exclude,1518,
83fc76f43a28,exclude,1519,
ce5589aaf638,exclude,1520,
b4a45b3e5887,exclude,1521,
75535e40a942,exclude,1522,
18f2c3e90dae,exclude,1523,
8ab843acc808,exclude,1524,
67d46e29ec7f,exclude,1525,
374f071da150,exclude,1526,
1a6737a197c8,exclude,1527,
298643846a19,exclude,1528,
ebd4c4830e86,exclude,1529,
d9cf2d791c87,exclude,1530,
b5b22148a209,exclude,1531,
a0916e55923a,exclude,1532,
279732d71807,exclude,1533,
59f77924ebc2,exclude,1534,
9c4681ed0b36,exclude,1535,
0326d9893d11,exclude,1536,
bc9934e1d9ae,exclude,1537,
5e831b090a7f,exclude,1538,
c2e177aa7725,exclude,1539,
74286cf388ec,exclude,1540,
17229c637aaf,exclude,1541,
9bc9b29fc6af,exclude,1542,
20063e119947,exclude,1543,
2219ffcd174b,exclude,1544,
0f028fff3500,exclude,1545,
5b577af5370b,exclude,1546,
32b072f2d507,exclude,1547,
f3f6aac56ea8,exclude,1548,
2e50f5eeb724,exclude,1549,
1f867e9cb90a,exclude,1550,
26f542c41364,exclude,1551,
51e610c71d56,exclude,1552,
efb19aff6d01,exclude,1553,
b4956e6c6ecb,exclude,1554,
f42186dd3ba7,exclude,1555,
f9e7bbf27eba,exclude,1556,
1f404579435a,exclude,1557,
150432bb3fde,exclude,1558,
1eb3ed7b2091,exclude,1559,
02c3bbe4a6e2,exclude,1560,
c52bf2cc7f61,exclude,1561,
fd26f1510761,exclude,1562,
9109c997fba4,exclude,1563,
045ed6183319,exclude,1564,
8ea215f74d2c,exclude,1565,
71cfc8234415,exclude,1566,
639a7acc8bbc,exclude,1567,
8bf92f8e1616,exclude,1568,
4b7081c4d5a6,exclude,1569,
8d51c7bfe5d6,exclude,1570,
8850d0a64a72,exclude,1571,
d6f2331e373d,exclude,1572,
d8bd09541c95,exclude,1573,
ff19794a25c3,exclude,1574,
a0fc1b414433,exclude,1575,
768ce420df26,exclude,1576,
7774203b37ba,exclude,1577,
e3efe8612f0d,exclude,1578,
f090b29a4ab3,exclude,1579,
6b2faf1b44be,exclude,1580,
a4025c98e9d4,exclude,1581,
fde12c88c089,exclude,1582,
eece8c6d5d42,exclude,1583,
ca6a49b52969,exclude,1584,
3af753b13d42,exclude,1585,
ebdb1de85af5,exclude,1586,
1e31fdf5d1eb,exclude,1587,
f12303306c16,exclude,1588,
edb544e8970c,exclude,1589,
7e2ee984db52,exclude,1590,
dc46f2742855,exclude,1591,
4372262ad25f,exclude,1592,
c4d71db95f97,exclude,1593,
8bca267b6fd7,exclude,1594,
f80fc2ca086c,exclude,1595,
ff62c3dd3f66,exclude,1596,
48fad011ea47,exclude,1597,
b957e66c3573,exclude,1598,
e4fac63c2283,exclude,1599,
29c50ea45ebe,exclude,1600,
f3fef9d7c4c9,exclude,1601,
6b38d9183277,exclude,1602,
36b139aa66a9,exclude,1603,
d3288e4e9fd8,exclude,1604,
300b3ee8aceb,exclude,1605,
43d9f750d97b,exclude,1606,
ae9ba4d7ab83,exclude,1607,
7ee888035455,exclude,1608,
914ea9b006b5,exclude,1609,
b7fff1a29c63,exclude,1610,
c7e723b86ecc,exclude,1611,
9352482a3b91,exclude,1612,
45c939c820f4,exclude,1613,
9a9b0feb8444,exclude,1614,
88b9d343f920,exclude,1615,
1bed86c48957,exclude,1616,
a8cc992dba56,exclude,1617,
ba632b96a4ab,exclude,1618,
14e5ede92ee3,exclude,1619,
34f8784d073c,exclude,1620,
89418437f51c,exclude,1621,
adb09795d82f,exclude,1622,
73db100f00bb,exclude,1623,
9b456bd4357a,exclude,1624,
d2443d811a6e,exclude,1625,
ff3cdd714a1e,exclude,1626,
764ad00b41d8,exclude,1627,
64e9eaae262d,exclude,1628,
15db363856f3,exclude,1629,
9bcda26ba785,exclude,1630,
52c78fe210a0,exclude,1631,
8c4888f1458c,exclude,1632,
944a4cd073cf,exclude,1633,
0de75f167da2,exclude,1634,
cbf358142448,exclude,1635,
670ee53771f2,exclude,1636,
e894265c2968,exclude,1637,
6901aca09410,exclude,1638,
704e0cc4a328,exclude,1639,
d64caeafa697,exclude,1640,
51ad57fac1ee,exclude,1641,
c07bf2c04ef9,exclude,1642,
15a644f7cf82,exclude,1643,
ad570039d5cb,exclude,1644,
46747251da24,exclude,1645,
0525be4c60fb,exclude,1646,
b2230647c31a,exclude,1647,
416051207893,exclude,1648,
cad5f398ac33,exclude,1649,
c1bbc8c7cbd7,exclude,1650,
4467ddd86f9f,exclude,1651,
b6ceab0a68bf,exclude,1652,
9be9df544f7c,exclude,1653,
de76c0f9da4e,exclude,1654,
4bfc5097b321,exclude,1655,
1f8bcb9fc16e,exclude,1656,
915e77db8361,exclude,1657,
ad09f848f2cc,exclude,1658,
b723951037cd,exclude,1659,
c05cd985bd1b,exclude,1660,
223c1b7557b2,exclude,1661,
c0da85ef2954,exclude,1662,
5de7b5a03565,exclude,1663,
19d28cdcdfff,exclude,1664,
6804b832fc40,exclude,1665,
8e988d1ef35c,exclude,1666,
70f66487033f,exclude,1667,
b2671913d4f0,exclude,1668,
f8e081084cb9,exclude,1669,
992728baff7a,exclude,1670,
007057b05182,exclude,1671,
70b67a5b65e4,exclude,1672,
fbc4151b765e,exclude,1673,
d895c2e69e4b,exclude,1674,
c85acd6919d5,exclude,1675,
d1d94604a9f6,exclude,1676,
537bb195fd41,exclude,1677,
a26402012911,exclude,1678,
c096076c7cb6,exclude,1679,
33aea1fbfb3e,exclude,1680,
3372d98d6f0d,exclude,1681,
85df658bbe8f,exclude,1682,
5f6ff1a8a691,exclude,1683,
932a40f6437e,exclude,1684,
8526f4a60a1f,exclude,1685,
828cf1492abc,exclude,1686,
e19d0c24c7bf,exclude,1687,
a2aac47aeb68,exclude,1688,
91ff4ce120da,exclude,1689,
9cf3bc1ab77f,exclude,1690,
3c101b095394,exclude,1691,
7d8ed87235b7,exclude,1692,
4eda153c208b,exclude,1693,
d58ce846cbcc,exclude,1694,
5da944821ea1,exclude,1695,
69af90c467be,exclude,1696,
dca278a85a11,exclude,1697,
d35f42199a93,exclude,1698,
061e8bf5bc58,exclude,1699,
9306729ec543,exclude,1700,
4ef2eafeedc0,exclude,1701,
b4359a444cfb,exclude,1702,
4f94f57b08fb,exclude,1703,
79aa730562f3,exclude,1704,
9b363efedb0e,exclude,1705,
ec126e2da551,exclude,1706,
d3fd0f333497,exclude,1707,
bf6db651f13b,exclude,1708,
df5b91d07411,exclude,1709,
4821d6775c52,exclude,1710,
21cced6ec323,exclude,1711,
4798a3b70dd2,exclude,1712,
78c76c523320,exclude,1713,
e84ac6847216,exclude,1714,
21638ee4f43e,exclude,1715,
79930ebf9642,exclude,1716,
b6eb243139d5,exclude,1717,
b470f6cdffdd,exclude,1718,
dae51f0e34bf,exclude,1719,
8210a496020e,exclude,1720,
c368d34620bf,exclude,1721,
0e87c75ab52f,exclude,1722,
1c90d8e9e2ae,exclude,1723,
d488eff10f7f,exclude,1724,
c79871e34c5b,exclude,1725,
99b0ff428d90,exclude,1726,
1bf2d67a67e7,exclude,1727,
2a2368563f2e,exclude,1728,
0e0bb248329b,exclude,1729,
89be77b9a9a4,exclude,1730,
a254f338377d,exclude,1731,
1740cf4ef565,exclude,1732,
4d9a30b87304,exclude,1733,
ac3b5ed500f2,exclude,1734,
87332865866b,exclude,1735,
5586948dc25a,exclude,1736,
6a91efccfe86,exclude,1737,
3eec00bafcdc,exclude,1738,
9e79a3ba95a4,exclude,1739,
81229612a876,exclude,1740,
7bfcc930970c,exclude,1741,
c0d064db890f,exclude,1742,
dc34040967e0,exclude,1743,
acd0eb1a8fbd,exclude,1744,
ac7046a42b71,exclude,1745,
2e00d005c2d6,exclude,1746,
c8349a814971,exclude,1747,
392ef02d3f59,exclude,1748,
011387866a8b,exclude,1749,
1f56099ed216,exclude,1750,
585676a57508,exclude,1751,
3fa0c7cade30,exclude,1752,
92120a510a51,exclude,1753,
a40215e1b834,exclude,1754,
d3580aed27bb,exclude,1755,
47166749a93e,exclude,1756,
bff56d418654,exclude,1757,
b95be8a32868,exclude,1758,
4de005c12725,exclude,1759,
0751399ef4a2,exclude,1760,
369b9a2cd2dc,exclude,1761,
7cee7bb5ed65,exclude,1762,
119357a78b60,exclude,1763,
bf4bc8cdafa5,exclude,1764,
bdd2c3e97bee,exclude,1765,
5ce743f32591,exclude,1766,
cc177b8d4b5a,exclude,1767,
1a1db419fc8c,exclude,1768,
8fdc06d8fa02,exclude,1769,
1283268c0744,exclude,1770,
14272d565814,exclude,1771,
40b3b75e797b,exclude,1772,
82293ff81c7c,exclude,1773,
ee8331fcdc90,exclude,1774,
0c85c1c93720,exclude,1775,
7cbecd422cca,exclude,1776,
817a28486638,exclude,1777,
68101ddfcc91,exclude,1778,
c554e771cf91,exclude,1779,
53a88bdc7a04,exclude,1780,
0b549647c8e5,exclude,1781,
113d8801a8fc,exclude,1782,
4513b7aef1d3,exclude,1783,
2c9c2ad935da,exclude,1784,
b6a9479faf0d,exclude,1785,
f6a29ac446a7,exclude,1786,
958ededa876e,exclude,1787,
c7adafc69b75,exclude,1788,
f058d35a5f35,exclude,1789,
cce85b38b0e0,exclude,1790,
b41ec509a671,exclude,1791,
358cfbd9c4a7,exclude,1792,
63d3d6d08271,exclude,1793,
25bc141b3ceb,exclude,1794,
7cf35eec4ed6,exclude,1795,
5892fcbe7429,exclude,1796,
33589697b330,exclude,1797,
ba9dc6b06399,exclude,1798,
31c8b6d2974d,exclude,1799,
16036d075a0e,exclude,1800,
5fe078666026,exclude,1801,
ce2996e170ee,exclude,1802,
0c453b10db9f,exclude,1803,
ccce4107774f,exclude,1804,
59fe30888c39,exclude,1805,
a279b41fced4,exclude,1806,
98f6393433a0,exclude,1807,
6c47b44ef481,exclude,1808,
4dfbf545b513,exclude,1809,
ce98c1df7f94,exclude,1810,
44726c2d87a5,exclude,1811,
3539262c22ce,exclude,1812,
6cd2710dadd0,exclude,1813,
ef6f8d211378,exclude,1814,
9fdb90e310b8,exclude,1815,
a82fa7ee18e1,exclude,1816,
59b054c47fd6,exclude,1817,
a64a61143fdb,exclude,1818,
103e75f639af,exclude,1819,
fdf5a9b4584d,exclude,1820,
6a54e3dfb9d9,exclude,1821,
94c20ec9fc42,exclude,1822,
0d9a52ea89bb,exclude,1823,
17c65f224b89,exclude,1824,
0ecfe9c0fed7,exclude,1825,
4552f137321e,exclude,1826,
ce05307a1ddf,exclude,1827,
691c6b5c54df,exclude,1828,
d717d7f7f779,exclude,1829,
732a35f6a09a,exclude,1830,
c80b56b651e0,exclude,1831,
4e3a86adf293,exclude,1832,
bdc70952a607,exclude,1833,
a217e4d20ae8,exclude,1834,
9fbe472a05cc,exclude,1835,
d58b67885cf6,exclude,1836,
595b69206215,exclude,1837,
38fb4cff88e5,exclude,1838,
ab64e5a71ffc,exclude,1839,
ef54147ad544,exclude,1840,
9e2541ea9e9f,exclude,1841,
72b919d2c4c3,exclude,1842,
97e8381396c8,exclude,1843,
c81246264624,exclude,1844,
38075c0818cd,exclude,1845,
6762cfa351bc,exclude,1846,
a9db14e5bf40,exclude,1847,
79533920e8b7,exclude,1848,
8a247cf12652,exclude,1849,
69f37720655c,exclude,1850,
63051e8efd2f,exclude,1851,
db557002f4a4,exclude,1852,
be7aeba812ae,exclude,1853,
eafaf1155e15,exclude,1854,
cee7251ec943,exclude,1855,
1502fad8d8ac,exclude,1856,
cfff958ed68f,exclude,1857,
4fae01b427bf,exclude,1858,
10b907aecef2,exclude,1859,
5bfc56f4121f,exclude,1860,
0be9e89ea383,exclude,1861,
abc236dcf784,exclude,1862,
f278e6cdca0b,exclude,1863,
39f7cfc47f18,exclude,1864,
4180210368af,exclude,1865,
5b2393e46da8,exclude,1866,
b7f6452bd231,exclude,1867,
bbfbbfd5b9a9,exclude,1868,
96f5853ab804,exclude,1869,
04df52997ce2,exclude,1870,
a1eda49dfc76,exclude,1871,
128362c32534,exclude,1872,
795157f29053,exclude,1873,
d6f11111a0cb,exclude,1874,
9474227ca608,exclude,1875,
7f05070ca8d9,exclude,1876,
6ad19dfae1b7,exclude,1877,
0cbdf5d13130,exclude,1878,
d5ae35f1622f,exclude,1879,
740ccc3ae6f8,exclude,1880,
a47ae2275802,exclude,1881,
2e212f18e159,exclude,1882,
dc9165341ed3,exclude,1883,
2b8bcdd923a1,exclude,1884,
945966b8a95c,exclude,1885,
92fc435704d5,exclude,1886,
8cb24a9cd194,exclude,1887,
ad4a32b0959a,exclude,1888,
bcb899b5a3e5,exclude,1889,
8270c0d32bd8,exclude,1890,
7c5d6dd5967c,exclude,1891,
0c096ea91205,exclude,1892,
254a43018f94,exclude,1893,
5044f0daf876,exclude,1894,
614818b70cb5,exclude,1895,
4018b4409ee2,exclude,1896,
317e6bb03bfa,exclude,1897,
43e64439c654,exclude,1898,
9e1b8407ace4,exclude,1899,
30e9f9c06b15,exclude,1900,
2683a83ee391,exclude,1901,
c97802424a7f,exclude,1902,
27ca5392ded1,exclude,1903,
a603e283e0cf,exclude,1904,
94b9e4799c78,exclude,1905,
9bd4d4752519,exclude,1906,
6e9dcbe8faac,exclude,1907,
e0777eabf902,exclude,1908,
4f219fe0ac1b,exclude,1909,
9ae0aa0c8b6b,exclude,1910,
536b57244d9f,exclude,1911,
8a9629b30eed,exclude,1912,
e61bdc9ca67c,exclude,1913,
112c7ea80bee,exclude,1914,
e884742ba187,exclude,1915,
7b6781e1c4a1,exclude,1916,
cf9049abcad1,exclude,1917,
24db921bcfe7,exclude,1918,
2fb1f1906be2,exclude,1919,
39800f68df3b,exclude,1920,
179acc5a57ef,exclude,1921,
82837bc5f6da,exclude,1922,
d5d8629d0d8a,exclude,1923,
6ef9789be25b,exclude,1924,
4b8f0c9e9e2b,exclude,1925,
b5e918356f4f,exclude,1926,
689b0fba3ea1,exclude,1927,
437af8ea4599,exclude,1928,
1055b6d19929,exclude,1929,
a69c6a4304c8,exclude,1930,
2b67fc145756,exclude,1931,
8e539653be75,exclude,1932,
f1d94210fb4a,exclude,1933,
bd4cd0ef96fb,exclude,1934,
54ef75b0f5fa,exclude,1935,
82708d298ddd,exclude,1936,
4f4a7745d6fe,exclude,1937,
e7e6e8314640,exclude,1938,
88c074eaeff2,exclude,1939,
0c968a9296b2,exclude,1940,
75aeafc10dc7,exclude,1941,
b066ba78ed95,exclude,1942,
4a76acf5e734,exclude,1943,
1131fdc73bf5,exclude,1944,
d4d98085dcc4,exclude,1945,
a39835d7198e,exclude,1946,
97acfd5946de,exclude,1947,
ec8a31deb872,exclude,1948,
af1eab5bbfe1,exclude,1949,
b972daf2beb8,exclude,1950,
4475ade05c73,exclude,1951,
4ba77737095e,exclude,1952,
b262ee7651aa,exclude,1953,
f9141fada31b,exclude,1954,
bb3e39b724b5,exclude,1955,
f0b240064e3c,exclude,1956,
c4ddd4e786ee,exclude,1957,
81d5d2c66761,exclude,1958,
1ddafba50315,exclude,1959,
3018a4c760ba,exclude,1960,
6a671c7b55f9,exclude,1961,
d2f50edf9ceb,exclude,1962,
c26d19a2b443,exclude,1963,
4970a0f991a5,exclude,1964,
add65b608763,exclude,1965,
e87be1d617fb,exclude,1966,
649313a6f8d1,exclude,1967,
334a20df9227,exclude,1968,
f6ab8710875e,exclude,1969,
064c07cd920d,exclude,1970,
e79e7dfddcfb,exclude,1971,
b8b91acbf6f5,exclude,1972,
8d6de6a8c8c4,exclude,1973,
8db54fb22687,exclude,1974,
2f870343cadc,exclude,1975,
fc69d166e936,exclude,1976,
e1f9b132a50b,exclude,1977,
62eea81c9628,exclude,1978,
4f07d45db4c6,exclude,1979,
add512163d77,exclude,1980,
430ead0ac4b9,exclude,1981,
ae11b084b443,exclude,1982,
1c18fdd259be,exclude,1983,
431564405296,exclude,1984,
6f63beaf8ddb,exclude,1985,
5ff6e659d40c,exclude,1986,
50048cf54a47,exclude,1987,
2776798f4a22,exclude,1988,
647f1186df1e,exclude,1989,
09c9e8935e0a,exclude,1990,
7ac6b422b746,exclude,1991,
19fe97605b27,exclude,1992,
ecfd9a7751e5,exclude,1993,
7ec813047a8e,exclude,1994,
d1fbe698d14d,exclude,1995,
df5f986af39a,exclude,1996,
8e35074ca661,exclude,1997,
7fb374a75ac7,exclude,1998,
e61bfeb95d4e,exclude,1999,
fcd1915442fd,exclude,2000,
32f301a05d5f,exclude,2001,
45fcdf20c8a1,exclude,2002,
a0335c7ec2bf,exclude,2003,
d0eb9ebfc116,exclude,2004,
b54a8c0b0e26,exclude,2005,
dfb8c7bf0113,exclude,2006,
51122195aa21,exclude,2007,
3c24069824a2,exclude,2008,
7db6c608f9e6,exclude,2009,
757227703e3d,exclude,2010,
fb3fa99ccb0e,exclude,2011,
393062163c65,exclude,2012,
e3a08b8c3c30,exclude,2013,
84119aa8fef1,exclude,2014,
72f1a97235f8,exclude,2015,
f70cccab3ffd,exclude,2016,
096e80deac90,exclude,2017,
ea4504852540,exclude,2018,
d75164fafb82,exclude,2019,
b3054b3a07e8,exclude,2020,
ac1404b33a61,exclude,2021,
e88fe72cb6fe,exclude,2022,
3d9a0558ebf2,exclude,2023,
fa293e133c2d,exclude,2024,
984aa5ad3743,exclude,2025,
ad02037b31cd,exclude,2026,
a4c802305769,exclude,2027,
67c4b369f8fb,exclude,2028,
44f913a87112,exclude,2029,
358d898e6f9c,exclude,2030,
fc7d97a2f84b,exclude,2031,
9508a244ee62,exclude,2032,
440897d907ef,exclude,2033,
da45453dbd1b,exclude,2034,
66f84d151754,exclude,2035,
5869f9a4f8d4,exclude,2036,
96c2a6b72ae1,exclude,2037,
3751a9842233,exclude,2038,
f8f11fad6423,exclude,2039,
219a1ef86f5d,exclude,2040,
b811a22ca41d,exclude,2041,
93f7f246ed8b,exclude,2042,
b59e0053db19,exclude,2043,
46ac0f46b6d7,exclude,2044,
27b6728f6ea0,exclude,2045,
f61d14d84fd5,exclude,2046,
c64928ef49e7,exclude,2047,
6bb2d0745bbd,exclude,2048,
faa5c7c2e933,exclude,2049,
80c94312f376,exclude,2050,
4216193d665c,exclude,2051,
44a69f8a2fda,exclude,2052,
bfd3458cc95c,exclude,2053,
c79a9262867c,exclude,2054,
f644e1e57139,exclude,2055,
0538c4828554,exclude,2056,
d3641d1f7846,exclude,2057,
ee736c243d9c,exclude,2058,
fd042b9c21db,exclude,2059,
cb9edc108f66,exclude,2060,
9ee4aaf0f745,exclude,2061,
deffd1a9777c,exclude,2062,
7cf9ec157ed1,exclude,2063,
1a05f3c9e973,exclude,2064,
f5e40640d9f9,exclude,2065,
b72050ccbfa3,exclude,2066,
4ea298f14ad5,exclude,2067,
bb08aee9f188,exclude,2068,
8baaac32631e,exclude,2069,
48006d1b755e,exclude,2070,
4865581a0ee7,exclude,2071,
a3fefc484b11,exclude,2072,
929a56946fcd,exclude,2073,
cf36401b7b8e,exclude,2074,
7ce624914403,exclude,2075,
dfc9b2d1b1f3,exclude,2076,
7bb1f70bfd69,exclude,2077,
7c1e2f9c73d7,exclude,2078,
4d11b9cefc3b,exclude,2079,
ad2e8f593981,exclude,2080,
1d318d2aff1b,exclude,2081,
eedf4aad8fda,exclude,2082,
5af4c8f5ff7d,exclude,2083,
9ccbca9ab3c2,exclude,2084,
34f634df90df,exclude,2085,
6342d70f5d09,exclude,2086,
f1e8fbd73440,exclude,2087,
87b27b8bb094,exclude,2088,
e2d4224a530f,exclude,2089,
3d23dae5f571,exclude,2090,
f3026ab82d82,exclude,2091,
91a3af81badd,exclude,2092,
4155c3f9f894,exclude,2093,
36f1073d3a84,exclude,2094,
58255a122b2a,exclude,2095,
0adcd17623a1,exclude,2096,
e3a033ada822,exclude,2097,
83d866d591e5,exclude,2098,
4a063cd54207,exclude,2099,
fccd8514fc05,exclude,2100,
d3b96e5db423,exclude,2101,
94ce236ac502,exclude,2102,
2fb00e243e44,exclude,2103,
2e46827349ad,exclude,2104,
bfb041fe971e,exclude,2105,
b81160eafc3c,exclude,2106,
f9e1ffe01779,exclude,2107,
c60f7a25291e,exclude,2108,
7b141648ca88,exclude,2109,
988901c9af0c,exclude,2110,
a2090f4af8db,exclude,2111,
a38580162b81,exclude,2112,
0b5dbb0ebadb,exclude,2113,
09a0a01c4e98,exclude,2114,
10b787578440,exclude,2115,
5fc495fe2669,exclude,2116,
a15537347cbb,exclude,2117,
b6a54aee21f5,exclude,2118,
fac5c4f89d99,exclude,2119,
6bb23a58b230,exclude,2120,
5373a2b6cd5e,exclude,2121,
ea881b692ae5,exclude,2122,
2d0a1d7e68fe,exclude,2123,
ab11636513fd,exclude,2124,
89fe0d886cd5,exclude,2125,
eabdbadcadd0,exclude,2126,
43ba59107aae,exclude,2127,
4ceae3900931,exclude,2128,
688d1435f7a0,exclude,2129,
143e3b416d8e,exclude,2130,
faee5c4e60c9,exclude,2131,
3204b16ec12f,exclude,2132,
5753d0ab65f7,exclude,2133,
6ce8c38fcabf,exclude,2134,
01a3e2db54df,exclude,2135,
c7679a7ea502,exclude,2136,
ec200d789145,exclude,2137,
c08d2dc05c7e,exclude,2138,
2d5a7cc65696,exclude,2139,
9f70845f4068,exclude,2140,
9c917bac9dd3,exclude,2141,
35f4c73d8c8d,exclude,2142,
af684d963e45,exclude,2143,
654c2fc8e80e,exclude,2144,
ffc7d9a13548,exclude,2145,
6d9c0191d050,exclude,2146,
1ca71f64f4b2,exclude,2147,
0ab3e02692c8,exclude,2148,
81bd2e9be882,exclude,2149,
ef677dea76de,exclude,2150,
53862702095d,exclude,2151,
1893f80d53de,exclude,2152,
49f7bc1cf5cf,exclude,2153,
4f8e9abd9430,exclude,2154,
b509d01cbef8,exclude,2155,
eb87688e3863,exclude,2156,
0c3a103dd45c,exclude,2157,
5c33263b17fa,exclude,2158,
f6fe5e73389f,exclude,2159,
971239e7860e,exclude,2160,
4c4f69c13086,exclude,2161,
21be325c2454,exclude,2162,
c4ef1e560f22,exclude,2163,
4f1e1b5ffa40,exclude,2164,
bc6354e95df8,exclude,2165,
e97b56076b3b,exclude,2166,
606afd6a4b74,exclude,2167,
30089bbc27bd,exclude,2168,
93977b15a760,exclude,2169,
75b1830ea62d,exclude,2170,
86f25080e301,exclude,2171,
77a91150eb51,exclude,2172,
6eacfb0e3cc2,exclude,2173,
848ea738d888,exclude,2174,
e9bc43539b4b,exclude,2175,
567c480b8475,exclude,2176,
7e0554b6aeee,exclude,2177,
7e997cc7e019,exclude,2178,
f07fc89e6432,exclude,2179,
a2efbaf14590,exclude,2180,
3f624b14d562,exclude,2181,
4092c6fa926e,exclude,2182,
4092c6fa926e,exclude,2183,
f82058bedaed,exclude,2184,
1fcb89146bc4,exclude,2185,
0f597d002f40,exclude,2186,
eff19997af38,exclude,2187,
da5e3922d451,exclude,2188,
61da787dda7e,exclude,2189,
8aae98f409fd,exclude,2190,
6a06590d1895,exclude,2191,
79d5a17ef8bd,exclude,2192,
a25acd0f39a7,exclude,2193,
8bab413e1a62,exclude,2194,
b0bd4009b6e5,exclude,2195,
fd38a2c0d188,exclude,2196,
08a2d891de71,exclude,2197,
d830bd5fd84b,exclude,2198,
b599119217a1,exclude,2199,
d47b4c1dfb23,exclude,2200,
6e487b58681c,exclude,2201,
5bd43897ad17,exclude,2202,
bda2c7701949,exclude,2203,
81a0f0ec06d3,exclude,2204,
824f8aa3a7f5,exclude,2205,
38dcd03ddefa,exclude,2206,
58c1ecae90f8,exclude,2207,
390b6c220ab6,exclude,2208,
4d14c3378384,exclude,2209,
7cc5b931df3d,exclude,2210,
fca3788a3b0c,exclude,2211,
c29cf62b7299,exclude,2212,
6ce42c711e13,exclude,2213,
fcff116a6cd1,exclude,2214,
9bfc97970d2f,exclude,2215,
3b70b1948321,exclude,2216,
9dc2adc67db8,exclude,2217,
40124c49a43a,exclude,2218,
41a852fada38,exclude,2219,
0fc8ef082679,exclude,2220,
8945f766599d,exclude,2221,
342ce43a11d1,exclude,2222,
db59573ae9f7,exclude,2223,
eb6bcbad0d1c,exclude,2224,
f86f7e12947b,exclude,2225,
2ba79df38721,exclude,2226,
9fc555dc27e5,exclude,2227,
fe2b1307d958,exclude,2228,
1fd7549a8073,exclude,2229,
2a5efc7b8178,exclude,2230,
ef9beb7877bb,exclude,2231,
fcf273e5822b,exclude,2232,
9b3c6ea2cab8,exclude,2233,
185a10d2550a,exclude,2234,
6c0af2c60bf0,exclude,2235,
9b91627b0691,exclude,2236,
0113fbe5c06a,exclude,2237,
6a4d2e0a0cdf,exclude,2238,
f4354428aebf,exclude,2239,
00645b09d39a,exclude,2240,
ba4e2f79808b,exclude,2241,
06494e31ea00,exclude,2242,
9017dc64e33f,exclude,2243,
329ff4b39d6b,exclude,2244,
b5617bc0e421,exclude,2245,
8c45bb59677d,exclude,2246,
5230459c725b,exclude,2247,
139bbb17a71c,exclude,2248,
30736db2d82b,exclude,2249,
9944c0168f3d,exclude,2250,
e84d37b28a96,exclude,2251,
8be2064be3ef,exclude,2252,
54120ab6aeb4,exclude,2253,
d4fb43512ad5,exclude,2254,
33d74609cfbc,exclude,2255,
ad316bda593f,exclude,2256,
95ecfc14e0ed,exclude,2257,
1397c5b0fbc3,exclude,2258,
1640fa45e960,exclude,2259,
4b9ba69dd880,exclude,2260,
d18096ef8f4c,exclude,2261,
a48abf25aaca,exclude,2262,
0a3609511078,exclude,2263,
9d22e2dc2197,exclude,2264,
c73ab6955ecc,exclude,2265,
dcbf87e78fb1,exclude,2266,
3d8b0fa826d2,exclude,2267,
c0184f0c6516,exclude,2268,
81f8921daa1a,exclude,2269,
7b4855a804c1,exclude,2270,
4b7ab0b6cfc3,exclude,2271,
c5f3fb47d0f6,exclude,2272,
b4407383d138,exclude,2273,
40ee764aa129,exclude,2274,
1855f77670eb,exclude,2275,
c6240bc88e6f,exclude,2276,
70db7e68befd,exclude,2277,
3cc013044f30,exclude,2278,
0608ad48d5b8,exclude,2279,
1b6432d04de0,exclude,2280,
8bb680c2fb8b,exclude,2281,
cad9914cf2e2,exclude,2282,
ac9d281a5275,exclude,2283,
45b3f3ec1ca8,exclude,2284,
a2ed6895af61,exclude,2285,
b0012a3061ee,exclude,2286,
8631e3102a46,exclude,2287,
d84f9c8bdc83,exclude,2288,
ce0ffad1a7a5,exclude,2289,
54fb8211ed6a,exclude,2290,
ecca71a573ef,exclude,2291,
38601ae493e8,exclude,2292,
3fdaa3e55eaa,exclude,2293,
d560c2df6ac0,exclude,2294,
74fb7ef0bebe,exclude,2295,
5a5c11d1edc9,exclude,2296,
142fa7676c3d,exclude,2297,
fd2dff08ca62,exclude,2298,
7eb3d8147772,exclude,2299,
85e216be9ba3,exclude,2300,
6e39c2d1ab16,exclude,2301,
b603295cb031,exclude,2302,
e04e878032f7,exclude,2303,
929728d2d958,exclude,2304,
7f744e8e8e04,exclude,2305,
4ea6a89a1a0b,exclude,2306,
7ad50e3f30ee,exclude,2307,
eb5e8add8ef4,exclude,2308,
5198ca213220,exclude,2309,
717805b01467,exclude,2310,
a5c56650514b,exclude,2311,
36571aff00dc,exclude,2312,
b274d645bb6b,exclude,2313,
c0396cc9b903,exclude,2314,
cf2e6ec7af75,exclude,2315,
5f5a32a4d6de,exclude,2316,
4bf557710e9f,exclude,2317,
42115e34b176,exclude,2318,
c4184426e2d3,exclude,2319,
9bd31de8fb30,exclude,2320,
6a2a193d5966,exclude,2321,
2eefb7cd4ee7,exclude,2322,
bb10835d7c4c,exclude,2323,
c09c5e4030b9,exclude,2324,
e14a83eed304,exclude,2325,
268c8608d394,exclude,2326,
52b8fd86ca9f,exclude,2327,
a0fc3067a1db,exclude,2328,
26ad3f9d2c9b,exclude,2329,
4cccea11b6fb,exclude,2330,
072662982d9f,exclude,2331,
2e71f6f54b8b,exclude,2332,
ae9e295879e9,exclude,2333,
8a7d4e6bffd3,exclude,2334,
be11414e791a,exclude,2335,
4f1046d02918,exclude,2336,
cc8cb8af742f,exclude,2337,
050e8221baa6,exclude,2338,
fa651ada53bd,exclude,2339,
8010c906e654,exclude,2340,
3e431dcd42cf,exclude,2341,
0af1a2719764,exclude,2342,
e57acf273a85,exclude,2343,
2bfa30aefa31,exclude,2344,
7c986be76026,exclude,2345,
682c38c4d663,exclude,2346,
76cb59d4aa93,exclude,2347,
ff9e56cf112f,exclude,2348,
b1f2f3697ca9,exclude,2349,
70eb2ca76eac,exclude,2350,
fe3ce2db6f61,exclude,2351,
5d06d18c2d23,exclude,2352,
ecf87b73ad49,exclude,2353,
53dd8876d667,exclude,2354,
35fcc4cdb582,exclude,2355,
9c24abbb0013,exclude,2356,
dde6ee456647,exclude,2357,
0d5dd0fbd892,exclude,2358,
b09a12aeadc5,exclude,2359,
58318496b2b8,exclude,2360,
e83bed322a34,exclude,2361,
e83bed322a34,exclude,2362,
bed8bb091128,exclude,2363,
dda6a6312022,exclude,2364,
7f1e3f31c540,exclude,2365,
ed31318415e5,exclude,2366,
bc2499932eed,exclude,2367,
8c7c6fbed6c5,exclude,2368,
27db40cbbeff,exclude,2369,
a2ff0fd96be0,exclude,2370,
97f8ca57e4d1,exclude,2371,
be3c475dcfac,exclude,2372,
3fba1fb09d1d,exclude,2373,
22432791f9c5,exclude,2374,
95e85b1a40e2,exclude,2375,
5b1f302ad470,exclude,2376,
72243f4ac582,exclude,2377,
37c00348c94b,exclude,2378,
c94ace0e1e02,exclude,2379,
85a5a7a6bb94,exclude,2380,
705c949143bc,exclude,2381,
b854763516fb,exclude,2382,
aa0b7fc13bd7,exclude,2383,
abb2840dff60,exclude,2384,
2616b05c1e88,exclude,2385,
938d7df149bf,exclude,2386,
e4cdb94feef9,exclude,2387,
04b242aeef3f,exclude,2388,
8022993f9403,exclude,2389,
28cd858e9da6,exclude,2390,
7a8fde9b8d0d,exclude,2391,
f32c06524aa3,exclude,2392,
bd27dbccdec7,exclude,2393,
efb31bf19589,exclude,2394,
61c187a79d73,exclude,2395,
ca0a2c966322,exclude,2396,
62905577eb05,exclude,2397,
57d9391fa871,exclude,2398,
95588869d78d,exclude,2399,
26a4e5bc63ca,exclude,2400,
6f0e0f53b817,exclude,2401,
5606f9f0ff9b,exclude,2402,
110acd221366,exclude,2403,
f3cb59fe38ac,exclude,2404,
3ba6c8c1e944,exclude,2405,
3889878de773,exclude,2406,
03eb184b8142,exclude,2407,
3fbbc041ef08,exclude,2408,
2c08f167eefd,exclude,2409,
00b878c40b7a,exclude,2410,
ee9ac4d0761e,exclude,2411,
34d9db5736ba,exclude,2412,
87355a9e4b6f,exclude,2413,
a94016f5fe4c,exclude,2414,
9645fef07c9e,exclude,2415,
88c8977d7744,exclude,2416,
ea8f374b869d,exclude,2417,
9e426831f111,exclude,2418,
08f334ce0e4a,exclude,2419,
9866ca62fddf,exclude,2420,
99429efc1f8c,exclude,2421,
0334f3163d3c,exclude,2422,
3369594963e5,exclude,2423,
fab6f3be3c0b,exclude,2424,
4b91108af5d2,exclude,2425,
f2fd01ba717f,exclude,2426,
9d47ed85632c,exclude,2427,
53c9ac98ff14,exclude,2428,
d63e5d8b0494,exclude,2429,
34b705adbe47,exclude,2430,
d8d67a38c9ab,exclude,2431,
9226536b2e0a,exclude,2432,
23891da3c8d0,exclude,2433,
946de9be2224,exclude,2434,
4aae3f4ecb67,exclude,2435,
2bbe3d20e73a,exclude,2436,
f6ab40cd1517,exclude,2437,
4fd0bc22d868,exclude,2438,
8d2ab04f27ab,exclude,2439,
abc5244db544,exclude,2440,
716c1762cc94,exclude,2441,
f4d1943adfbc,exclude,2442,
a297612feb57,exclude,2443,
5ceb0011b1cd,exclude,2444,
580aa14135e6,exclude,2445,
0043b64d4214,exclude,2446,
435c28b1ff74,exclude,2447,
b7a7867663be,exclude,2448,
0c123190f3c6,exclude,2449,
5af53dab5a57,exclude,2450,
5c858255d90a,exclude,2451,
40287b91493e,exclude,2452,
59b6ab95741d,exclude,2453,
0779652538e2,exclude,2454,
5fc77fb6e5f8,exclude,2455,
115ffebbcdec,exclude,2456,
8767284d28a2,exclude,2457,
c105c8df3d91,exclude,2458,
3334b53c69a8,exclude,2459,
b4c21685520a,exclude,2460,
3af2f0129818,exclude,2461,
d3466b540045,exclude,2462,
9db2afb6821f,exclude,2463,
15d2e6e46248,exclude,2464,
3e4b26f41986,exclude,2465,
f95baa9af311,exclude,2466,
79f25aea6717,exclude,2467,
2cc89ef488ca,exclude,2468,
353f305d5ce8,exclude,2469,
4bbb982a8c8d,exclude,2470,
04285bcb0221,exclude,2471,
5e36b794948f,exclude,2472,
916dcba1774f,exclude,2473,
f925fb295f0f,exclude,2474,
d74d26aefcdf,exclude,2475,
639276371e64,exclude,2476,
e8b6711068f0,exclude,2477,
6e9b9da9ed80,exclude,2478,
8ecd8b519440,exclude,2479,
7aad35fe5080,exclude,2480,
07aaaf32d1a6,exclude,2481,
5f5e876046e8,exclude,2482,
434f41a104c0,exclude,2483,
e8518812ed76,exclude,2484,
085ec246bb1d,exclude,2485,
852e179bc9e0,exclude,2486,
3bb4e9941d7b,exclude,2487,
0955776ff753,exclude,2488,
64c63a33ba01,exclude,2489,
dfae308afc40,exclude,2490,
330e8dd0e0d4,exclude,2491,
a1a01d02fc54,exclude,2492,
209e65831b98,exclude,2493,
14d183709128,exclude,2494,
799e2f3d405e,exclude,2495,
c825d0c427e6,exclude,2496,
65d7a1c93561,exclude,2497,
667cbcfe5d35,exclude,2498,
e499edf414e2,exclude,2499,
764a7ce060c3,exclude,2500,
48b7d8d88f11,exclude,2501,
9dacb5487a88,exclude,2502,
8947e08ee151,exclude,2503,
9c746a72c2a1,exclude,2504,
14b874d32300,exclude,2505,
d81daefea5e1,exclude,2506,
64f93ddbe2a8,exclude,2507,
69ac55f53282,exclude,2508,
2498054dfda5,exclude,2509,
a3520ae42613,exclude,2510,
50117aa6c2bd,exclude,2511,
b0d2e8fb3d53,exclude,2512,
0ac0e371d0e6,exclude,2513,
093c5f43ec87,exclude,2514,
e3c53f4280cf,exclude,2515,
e3c53f4280cf,exclude,2516,
2f672eed4ea2,exclude,2517,
b7b5b894dcb3,exclude,2518,
ac936695f2cd,exclude,2519,
8900d9c40836,exclude,2520,
4b1086a49841,exclude,2521,
eed156cf9b34,exclude,2522,
53c5a4fbdd7d,exclude,2523,
69d786e94bcc,exclude,2524,
fe0fa6a1508e,exclude,2525,
b8689579f4e9,exclude,2526,
a367ee5313d2,exclude,2527,
993fb6f2e1a5,exclude,2528,
e545dbcc0163,exclude,2529,
851cb5f085fa,exclude,2530,
c9578f7f0012,exclude,2531,
b8ac945260d6,exclude,2532,
b8ac945260d6,exclude,2533,
b8ac945260d6,exclude,2534,
b8ac945260d6,exclude,2535,
b8ac945260d6,exclude,2536,
b8ac945260d6,exclude,2537,
035324b7ec03,exclude,2538,
e2c6dfdc3e91,exclude,2539,
05f06095a69e,exclude,2540,
b3e1f501b396,exclude,2541,
9d8b9b1a4e76,exclude,2542,
19207dcbc742,exclude,2543,
ec71225546a5,exclude,2544,
e1b491488907,exclude,2545,
6952e33d189b,exclude,2546,
13f099e424b9,exclude,2547,
eaf76b4fccfb,exclude,2548,
15954dd03899,exclude,2549,
ea5089128e6b,exclude,2550,
95662dc0c93e,exclude,2551,
25a0822eceff,exclude,2552,
26bd44dc65e2,exclude,2553,
448bc765c2d0,exclude,2554,
61cf1e104b3b,exclude,2555,
3f5bc46bda0a,exclude,2556,
f3a3b81af9bd,exclude,2557,
4a90cbd4f6ce,exclude,2558,
3816310ee996,exclude,2559,
5d2ca51e65d8,exclude,2560,
6459915c8dcf,exclude,2561,
3521e80af9c0,exclude,2562,
c64e91a7d47d,exclude,2563,
60485dfabc0c,exclude,2564,
697aec8048eb,exclude,2565,
ed8c26ba3c58,exclude,2566,
8648ed0885fc,exclude,2567,
4e17ca672ca8,exclude,2568,
ec46c4209f52,exclude,2569,
0a334a095554,exclude,2570,
9b1a3512f0c4,exclude,2571,
a6fb0889e4ce,exclude,2572,
3cca58b5e55f,exclude,2573,
b76e5564c461,exclude,2574,
0e07f27e1d0c,exclude,2575,
8d743aa4ce61,exclude,2576,
17bcea54a247,exclude,2577,
ffc34318e55e,exclude,2578,
f6e3e5efa53c,exclude,2579,
25ed49858824,exclude,2580,
495c7bc9840a,exclude,2581,
bfd13c680dfb,exclude,2582,
ee842dc07f1e,exclude,2583,
beaf3487d496,exclude,2584,
af235653c19e,exclude,2585,
f0823fdd0f77,exclude,2586,
90c55cffbb52,exclude,2587,
f5367dca5ead,exclude,2588,
f2602c702d85,exclude,2589,
7f76be2e4d1a,exclude,2590,
6f2e018402be,exclude,2591,
39c957313bd1,exclude,2592,
125223a06a2c,exclude,2593,
c94ec3a9d152,exclude,2594,
82631bd87dfc,exclude,2595,
7ec0de9707c0,exclude,2596,
08b72d7f154e,exclude,2597,
16f65dc80e79,exclude,2598,
7aa1b9e404ff,exclude,2599,
de2bfbd96a31,exclude,2600,
81f88e818b33,exclude,2601,
b0d639d9a1ef,exclude,2602,
1929603dd37a,exclude,2603,
8fbe8569b828,exclude,2604,
bed84daa9356,exclude,2605,
0c4fc279c3d0,exclude,2606,
c004dd639e47,exclude,2607,
a441a62e0800,exclude,2608,
527724b0372c,exclude,2609,
f5734acb5292,exclude,2610,
232e794f03e5,exclude,2611,
c449a89a5469,exclude,2612,
816c28928d11,exclude,2613,
78294c107a8e,exclude,2614,
eb529e58e8ac,exclude,2615,
0cd957e223ad,exclude,2616,
da10e6e36c8d,exclude,2617,
0efdf5811648,exclude,2618,
530fe7b50d1b,exclude,2619,
c5c70b68249b,exclude,2620,
75fc004294e2,exclude,2621,
2b0ee0736142,exclude,2622,
cae62db4b481,exclude,2623,
9d1e83eeca9a,exclude,2624,
fd11662bb9b4,exclude,2625,
906a0ecb339e,exclude,2626,
f4382aa0c442,exclude,2627,
85638e6d6744,exclude,2628,
aa8fb33fb90f,exclude,2629,
106ca44e1bb1,exclude,2630,
ffd9dfcbf36c,exclude,2631,
479accacf668,exclude,2632,
28e1fdc069a9,exclude,2633,
1dc5770d94a9,exclude,2634,
1afa8e8290be,exclude,2635,
ce66fa96d917,exclude,2636,
3ba9ef683b8e,exclude,2637,
df615a56da6a,exclude,2638,
2f9a9978ad6f,exclude,2639,
b6ef44401f27,exclude,2640,
c51c4d86298d,exclude,2641,
13ea78bc83b6,exclude,2642,
b0b89771c104,exclude,2643,
e55d967f4783,exclude,2644,
0bac9f801b02,exclude,2645,
133340424a15,exclude,2646,
56169df2a739,exclude,2647,
1fd2e26fb91a,exclude,2648,
9b769a728102,exclude,2649,
59b02b43eeb6,exclude,2650,
1c29e947681c,exclude,2651,
f3f1e284b9f4,exclude,2652,
93b2a1f9728f,exclude,2653,
af0fabc3dc5c,exclude,2654,
5592452b3c4d,exclude,2655,
1b5ac404ab8e,exclude,2656,
87f83bea866e,exclude,2657,
391986a42f35,exclude,2658,
0f7856a5d245,exclude,2659,
0419801c5ed8,exclude,2660,
7e4cf2c04e5f,exclude,2661,
95b231ae933b,exclude,2662,
a7888a5a44eb,exclude,2663,
29b8727e9670,exclude,2664,
b9148d174e78,exclude,2665,
67227308a4a7,exclude,2666,
977419f5166d,exclude,2667,
fbe180e5bdbd,exclude,2668,
6b7caa318547,exclude,2669,
0ca6c42d99a9,exclude,2670,
8d900dc63f79,exclude,2671,
8887bd47415f,exclude,2672,
ac83fdc2badc,exclude,2673,
5383de88a31f,exclude,2674,
0f51538d4187,exclude,2675,
47afd6b2a437,exclude,2676,
174773623eb2,exclude,2677,
cc89f94cab93,exclude,2678,
bba249f2350e,exclude,2679,
5908292a7a0d,exclude,2680,
4e5a155b11fe,exclude,2681,
d8e697edd7c3,exclude,2682,
d3ed6e3e12e9,exclude,2683,
32ecaf60c172,exclude,2684,
d17320248312,exclude,2685,
65b7c2bbf979,exclude,2686,
6c7fe2ddfc94,exclude,2687,
c408224c2f59,exclude,2688,
01a1ecaddb94,exclude,2689,
750dcc98e742,exclude,2690,
85a23011fa54,exclude,2691,
b74070125eb9,exclude,2692,
0c8c57c8b67b,exclude,2693,
dd76a38811a1,exclude,2694,
53563fc348ce,exclude,2695,
5d854752d1e9,exclude,2696,
7ea7183930ec,exclude,2697,
51fa5fd0c92a,exclude,2698,
bf52c55b2615,exclude,2699,
b333021bb9b8,exclude,2700,
0ffc0a6b12e2,exclude,2701,
9f4ff4d68c51,exclude,2702,
c95ec07122fd,exclude,2703,
c1004a22fdb5,exclude,2704,
d24e03b639fc,exclude,2705,
ef5ae4db575f,exclude,2706,
a348f6cdccfd,exclude,2707,
3b5cd563423f,exclude,2708,
