paper_id,decision_reviewer_A,decision_reviewer_B,conflict,final_decision,exclusion_reason,tier2_applicable,notes
001f5dbe487a,include,include,no,include,,,
0030bd185e0d,include,include,no,include,,,
0067a26ce270,include,include,no,include,,,
00c17032f4af,include,include,no,include,,,
00e181896bba,include,include,no,include,,,
01326ce2213f,include,include,no,include,,,
01877ad38ab2,include,include,no,include,,,
01a1ecaddb94,include,include,no,include,,,
01e7ba36bcfc,include,include,no,include,,,
026a7b6919fc,include,include,no,include,,,
02db829631f9,include,include,no,include,,,
04326473e1bb,include,include,no,include,,,
043b5343fb3d,include,include,no,include,,,
045306ad1a16,include,include,no,include,,,
0525be4c60fb,include,include,no,include,,,
05a01a257cc7,include,include,no,include,,,
06019399445b,include,include,no,include,,,
0608ad48d5b8,include,include,no,include,,,
060ebc7a91c0,include,include,no,include,,,
06c5f405d529,include,include,no,include,,,
06db2582a06a,include,include,no,include,,,
06fdf18c23c4,include,include,no,include,,,
0757b9aa9a3b,include,include,no,include,,,
075a4a34de90,include,include,no,include,,,
076cb93860b0,include,include,no,include,,,
0801deffcfa4,include,include,no,include,,,
081132e62980,include,include,no,include,,,
081dbc9360d1,include,include,no,include,,,
082f292f8c48,include,include,no,include,,,
090ce79070cb,include,include,no,include,,,
0a1f9315f6a7,include,include,no,include,,,
0a824fa99e38,include,include,no,include,,,
0a96ec74c59f,include,include,no,include,,,
0ab110ae249c,include,include,no,include,,,
0ab4724fd60f,include,include,no,include,,,
0b40a3e55edc,include,include,no,include,,,
0b549647c8e5,include,include,no,include,,,
0c49909a73ca,include,include,no,include,,,
0cfd33edfd1a,include,include,no,include,,,
0d4d912721cf,include,include,no,include,,,
0d70169cb87f,include,include,no,include,,,
0df7a9f2fffd,include,include,no,include,,,
0e18f027f93b,include,include,no,include,,,
0e2942155b17,include,include,no,include,,,
0e9ded454de6,include,include,no,include,,,
0eb7690657f2,include,include,no,include,,,
0f3a64e9e3ed,include,include,no,include,,,
0f5c4894ccb6,include,include,no,include,,,
0fb65bb44954,include,include,no,include,,,
0fb8e2505865,include,include,no,include,,,
10832c99e683,include,include,no,include,,,
109c9406f3df,include,include,no,include,,,
10a2f644907f,include,include,no,include,,,
10be86fe1795,include,include,no,include,,,
10e947e4e6c8,include,include,no,include,,,
115e509ec529,include,include,no,include,,,
11807719b419,include,include,no,include,,,
119578338c9e,include,include,no,include,,,
11aa443287c0,include,include,no,include,,,
11ff02556b47,include,include,no,include,,,
1292782ed153,include,include,no,include,,,
12a26364b038,include,include,no,include,,,
12e854ac62a4,include,include,no,include,,,
1312e9d3c55e,include,include,no,include,,,
13544c1e7414,include,include,no,include,,,
135bf0e19b10,include,include,no,include,,,
136790c5fbc5,include,include,no,include,,,
146a99b9b311,include,include,no,include,,,
14777484b99d,include,include,no,include,,,
148be08400da,include,include,no,include,,,
14b3e6b32874,include,include,no,include,,,
14ceb7e36df7,include,include,no,include,,,
1502fad8d8ac,include,include,no,include,,,
157054b518f8,include,include,no,include,,,
163d8d584a33,include,include,no,include,,,
1694a492105e,include,include,no,include,,,
16d418f1da92,include,include,no,include,,,
17229c637aaf,include,include,no,include,,,
17382b2fd33a,include,include,no,include,,,
173cd12aee6b,include,include,no,include,,,
1760158c7e1b,include,include,no,include,,,
176f4217cb91,include,include,no,include,,,
17bf34700dca,include,include,no,include,,,
183eee816106,include,include,no,include,,,
1858371f4c44,include,include,no,include,,,
1938aae185de,include,include,no,include,,,
1961129130d1,include,include,no,include,,,
1993ad0237f3,include,include,no,include,,,
19cfac96e8fe,include,include,no,include,,,
1a05f3c9e973,include,include,no,include,,,
1a0d37057236,include,include,no,include,,,
1b554a506320,include,include,no,include,,,
1b63c3136291,include,include,no,include,,,
1b7d8c497d7d,include,include,no,include,,,
1bad58b8e8e7,include,include,no,include,,,
1bc4675bdbc6,include,include,no,include,,,
1be7c19fc967,include,include,no,include,,,
1bf5fc02b95b,include,include,no,include,,,
1bf880322e6f,include,include,no,include,,,
1c1c816351f4,include,include,no,include,,,
1c4934de7d9a,include,include,no,include,,,
1caec67a4a64,include,include,no,include,,,
1d16f793a68b,include,include,no,include,,,
1d44742c9e15,include,include,no,include,,,
1d49f2843829,include,include,no,include,,,
1d715e0cd1aa,include,include,no,include,,,
1dc251ce8c53,include,include,no,include,,,
1de0ca5e8cf2,include,include,no,include,,,
1df699f71a29,include,include,no,include,,,
1ea2787cdf95,include,include,no,include,,,
1f628b8e78f9,include,include,no,include,,,
1f8bcb9fc16e,include,include,no,include,,,
20063e119947,include,include,no,include,,,
205f3d35d4be,include,include,no,include,,,
20b87836c550,include,include,no,include,,,
20bf1514a7e4,include,include,no,include,,,
20c7e1972b0b,include,include,no,include,,,
20e9442a73f0,include,include,no,include,,,
21611a37dd85,include,include,no,include,,,
21e9746e62c2,include,include,no,include,,,
223ed1df56d0,include,include,no,include,,,
2291b049d70f,include,include,no,include,,,
2322e385b8e7,include,include,no,include,,,
23311f65fe2a,include,include,no,include,,,
235183650ee0,include,include,no,include,,,
23e03dc57b20,include,include,no,include,,,
246963801530,include,include,no,include,,,
24946c5b6c21,include,include,no,include,,,
24ca4814e7f2,include,include,no,include,,,
250a9d44ef66,include,include,no,include,,,
251a3166cf94,include,include,no,include,,,
258cef4e076f,include,include,no,include,,,
25a848404367,include,include,no,include,,,
25b9eceec1f2,include,include,no,include,,,
25da778231cf,include,include,no,include,,,
26668f5bb362,include,include,no,include,,,
26d9ab80fc82,include,include,no,include,,,
270d264b98f3,include,include,no,include,,,
2831368bf1cf,include,include,no,include,,,
2849bbcb864e,include,include,no,include,,,
288305d31b7d,include,include,no,include,,,
2896abff2596,include,include,no,include,,,
28ab67c2d22a,include,include,no,include,,,
291abba8a19e,include,include,no,include,,,
292400fdfae6,include,include,no,include,,,
296dd193c78f,include,include,no,include,,,
29cfef5a271e,include,include,no,include,,,
29f1f2555efe,include,include,no,include,,,
29f4e9099932,include,include,no,include,,,
2a0770a1a995,include,include,no,include,,,
2a5efc7b8178,include,include,no,include,,,
2a646809136c,include,include,no,include,,,
2a9cd8a96604,include,include,no,include,,,
2abf80ef91e3,include,include,no,include,,,
2ae3455aa47b,include,include,no,include,,,
2b18608f6860,include,include,no,include,,,
2b34eb642f89,include,include,no,include,,,
2b48b0e90efa,include,include,no,include,,,
2b4dc3c2ba75,include,include,no,include,,,
2bb96fecae4b,include,include,no,include,,,
2c1bf46ead5a,include,include,no,include,,,
2c74be1a024b,include,include,no,include,,,
2dc8d62cecac,include,include,no,include,,,
2dd59afb46ba,include,include,no,include,,,
2de072636285,include,include,no,include,,,
2e35d78fa802,include,include,no,include,,,
2e9f88ec6794,include,include,no,include,,,
2f0fa544425a,include,include,no,include,,,
2f9096b00d49,include,include,no,include,,,
2fa8a733b41d,include,include,no,include,,,
2fe0d0f15604,include,include,no,include,,,
30582038a7ba,include,include,no,include,,,
30afc00e8912,include,include,no,include,,,
30c35313cb34,include,include,no,include,,,
311bac170c43,include,include,no,include,,,
313a1d740d27,include,include,no,include,,,
317e6bb03bfa,include,include,no,include,,,
320ac2390210,include,include,no,include,,,
323683ff9874,include,include,no,include,,,
32be27773fc7,include,include,no,include,,,
32f23740c07f,include,include,no,include,,,
32f6aa86e556,include,include,no,include,,,
3318d42b7459,include,include,no,include,,,
33968c404556,include,include,no,include,,,
33ecea26692d,include,include,no,include,,,
342ce43a11d1,include,include,no,include,,,
3432da9937d2,include,include,no,include,,,
3453ddc0d7db,include,include,no,include,,,
349c85ac46df,include,include,no,include,,,
34a559434eb1,include,include,no,include,,,
34a99682d20c,include,include,no,include,,,
34f8784d073c,include,include,no,include,,,
34fc27290f18,include,include,no,include,,,
3506790b2a7a,include,include,no,include,,,
35505140af55,include,include,no,include,,,
35c7b4d830d5,include,include,no,include,,,
35da1ebe30e2,include,include,no,include,,,
36432eaf1f31,include,include,no,include,,,
36cd7ccae10c,include,include,no,include,,,
3716460f49f0,include,include,no,include,,,
374d8058ad85,include,include,no,include,,,
378c2a73ea46,include,include,no,include,,,
37f43983f4d2,include,include,no,include,,,
381642996201,include,include,no,include,,,
394c63b275d9,include,include,no,include,,,
394db2cbf8da,include,include,no,include,,,
39e897283cac,include,include,no,include,,,
3a13b1eecbf9,include,include,no,include,,,
3a3ba897009d,include,include,no,include,,,
3a4b78215cc7,include,include,no,include,,,
3a533a166c84,include,include,no,include,,,
3a64b1f387c0,include,include,no,include,,,
3adb18321a79,include,include,no,include,,,
3bd0da5c69ac,include,include,no,include,,,
3bf7bbec10c5,include,include,no,include,,,
3c1b7774da65,include,include,no,include,,,
3c79c53d5d90,include,include,no,include,,,
3c7ed5e51406,include,include,no,include,,,
3c93fa52d7f0,include,include,no,include,,,
3d6d6393f792,include,include,no,include,,,
3e373f43ba5b,include,include,no,include,,,
3ee4e2ce5b7d,include,include,no,include,,,
3f4c5ad6749d,include,include,no,include,,,
3f8ab7317ca4,include,include,no,include,,,
3fb78ea9b31b,include,include,no,include,,,
3fe2b056b181,include,include,no,include,,,
3fe31dea1f88,include,include,no,include,,,
40ca827d69b9,include,include,no,include,,,
40e4c7fdd4ac,include,include,no,include,,,
412a4331b358,include,include,no,include,,,
413125f4264b,include,include,no,include,,,
41a852fada38,include,include,no,include,,,
41c620c565b5,include,include,no,include,,,
41d2d7bb257a,include,include,no,include,,,
4244a7279692,include,include,no,include,,,
4255cabe0f56,include,include,no,include,,,
439a750eda8c,include,include,no,include,,,
44997e238c7a,include,include,no,include,,,
455f0fa41521,include,include,no,include,,,
45bb659a6bb7,include,include,no,include,,,
45e4cb39dba8,include,include,no,include,,,
464916b2b572,include,include,no,include,,,
468c3327bdef,include,include,no,include,,,
46db6505e091,include,include,no,include,,,
46e6281cc0ea,include,include,no,include,,,
470b798927ef,include,include,no,include,,,
4715aa3cb8e4,include,include,no,include,,,
47412220e1bb,include,include,no,include,,,
479092dfcc1c,include,include,no,include,,,
4798a3b70dd2,include,include,no,include,,,
47f4148f90dd,include,include,no,include,,,
48cd8220e3b2,include,include,no,include,,,
48fad011ea47,include,include,no,include,,,
49aaab8109ac,include,include,no,include,,,
49dc03e35036,include,include,no,include,,,
4a6b7f9ddc5a,include,include,no,include,,,
4adb16a5e179,include,include,no,include,,,
4b22c753a5a4,include,include,no,include,,,
4b808e14a12b,include,include,no,include,,,
4c50b01d13fe,include,include,no,include,,,
4ceae3900931,include,include,no,include,,,
4d0406b8b736,include,include,no,include,,,
4d07c1a00ccf,include,include,no,include,,,
4dbaf2b286bf,include,include,no,include,,,
4dc6746d80a2,include,include,no,include,,,
4de005c12725,include,include,no,include,,,
4e492b86e6c7,include,include,no,include,,,
4eb84ca51d29,include,include,no,include,,,
4ee4d5f63858,include,include,no,include,,,
5081ec6b6068,include,include,no,include,,,
5087f7c0e2a3,include,include,no,include,,,
50989fdc9ad1,include,include,no,include,,,
51c76454c0ce,include,include,no,include,,,
52b1d7c50b82,include,include,no,include,,,
52b948ec890d,include,include,no,include,,,
5308fd4d7e17,include,include,no,include,,,
53a6837ae00d,include,include,no,include,,,
53a718c11ea8,include,include,no,include,,,
53cdbb737343,include,include,no,include,,,
53d70155ce82,include,include,no,include,,,
5413b7728054,include,include,no,include,,,
55025d58c227,include,include,no,include,,,
55400536a64e,include,include,no,include,,,
55496bcdeaa7,include,include,no,include,,,
559b94bd12c0,include,include,no,include,,,
55cbe84d64e7,include,include,no,include,,,
56176dc5f8a2,include,include,no,include,,,
567b25a75e80,include,include,no,include,,,
57294220386e,include,include,no,include,,,
5761d4b2accf,include,include,no,include,,,
57a58ac6ea72,include,include,no,include,,,
57ed01f77bc6,include,include,no,include,,,
58470ab028ef,include,include,no,include,,,
585676a57508,include,include,no,include,,,
58a29f9f57a7,include,include,no,include,,,
58e7ea9324df,include,include,no,include,,,
58f4450b9cce,include,include,no,include,,,
590bb868b4e0,include,include,no,include,,,
596d3496c56c,include,include,no,include,,,
59cca9744140,include,include,no,include,,,
5a14221c82c6,include,include,no,include,,,
5a37fc259055,include,include,no,include,,,
5a3e1c66be6e,include,include,no,include,,,
5a5bcd7b5e90,include,include,no,include,,,
5a9835a859bf,include,include,no,include,,,
5b3485ced673,include,include,no,include,,,
5b6f77b75bb0,include,include,no,include,,,
5bb38201b7ae,include,include,no,include,,,
5bd5a79bc18a,include,include,no,include,,,
5beb1712456c,include,include,no,include,,,
5c9fef8c2825,include,include,no,include,,,
5cd21914c8a3,include,include,no,include,,,
5cf59c9d0438,include,include,no,include,,,
5d534083c368,include,include,no,include,,,
5f0d1c12d9b5,include,include,no,include,,,
5f1b1731f44b,include,include,no,include,,,
5f3cabc4cfc6,include,include,no,include,,,
5f5133229f76,include,include,no,include,,,
61102309a95a,include,include,no,include,,,
6128be5df2e0,include,include,no,include,,,
615067f0066c,include,include,no,include,,,
618a035e5260,include,include,no,include,,,
6190538f1800,include,include,no,include,,,
620d7dc5208d,include,include,no,include,,,
623597ee0f9c,include,include,no,include,,,
624a4d090c3e,include,include,no,include,,,
6257d900d3ef,include,include,no,include,,,
6278f0d22ba5,include,include,no,include,,,
629ad7ff1054,include,include,no,include,,,
62e5c8b6b617,include,include,no,include,,,
631717352091,include,include,no,include,,,
63287a0e96b2,include,include,no,include,,,
6377e377053e,include,include,no,include,,,
63af985e2b4e,include,include,no,include,,,
64111b3b5d61,include,include,no,include,,,
64522483ae83,include,include,no,include,,,
645e6ec4f04e,include,include,no,include,,,
646bd6bbd935,include,include,no,include,,,
64a4167a442c,include,include,no,include,,,
64bdec61d4fd,include,include,no,include,,,
64beee021f17,include,include,no,include,,,
65172a2ed058,include,include,no,include,,,
6534fbda7b00,include,include,no,include,,,
661640f62940,include,include,no,include,,,
6684e6c1b57f,include,include,no,include,,,
66b4a51889c0,include,include,no,include,,,
66f18ee7b813,include,include,no,include,,,
66f43397ba83,include,include,no,include,,,
67445f0a13ee,include,include,no,include,,,
674c681a57d0,include,include,no,include,,,
67d46e29ec7f,include,include,no,include,,,
67ed9d74dd96,include,include,no,include,,,
67ef832f18a2,include,include,no,include,,,
67f83161d410,include,include,no,include,,,
683bece8f94d,include,include,no,include,,,
685e76bf45ae,include,include,no,include,,,
68a06e2534e1,include,include,no,include,,,
68b9ec9dea63,include,include,no,include,,,
68d02a109ffd,include,include,no,include,,,
69a4901976a9,include,include,no,include,,,
69b8b36d8aad,include,include,no,include,,,
69bf4c1b7cbe,include,include,no,include,,,
69bfce9095d0,include,include,no,include,,,
6ac0d0a3c55a,include,include,no,include,,,
6b2b4f6ba298,include,include,no,include,,,
6bbc4a2d4a89,include,include,no,include,,,
6cb040f251ff,include,include,no,include,,,
6cb502a2896a,include,include,no,include,,,
6ce12ea7c2bf,include,include,no,include,,,
6d5768682408,include,include,no,include,,,
6df543f1353b,include,include,no,include,,,
6e0380dce3b2,include,include,no,include,,,
6e5c81beaefd,include,include,no,include,,,
6e6696a9c05a,include,include,no,include,,,
6eb61c248ea7,include,include,no,include,,,
6f039fcdad9d,include,include,no,include,,,
6f139839ae4c,include,include,no,include,,,
6fe2aeb67e66,include,include,no,include,,,
7012f13a70a3,include,include,no,include,,,
70217d6e8f7f,include,include,no,include,,,
7055fc9f6caf,include,include,no,include,,,
71966c8a9dc7,include,include,no,include,,,
71dc25d5ac6a,include,include,no,include,,,
71e349feba65,include,include,no,include,,,
71ed62112b8d,include,include,no,include,,,
7301808f6d01,include,include,no,include,,,
732f54a585cf,include,include,no,include,,,
73f3adac41d9,include,include,no,include,,,
740ccc3ae6f8,include,include,no,include,,,
74c6ac2ca350,include,include,no,include,,,
7540346e79ad,include,include,no,include,,,
75a7b04fa681,include,include,no,include,,,
75c40280653d,include,include,no,include,,,
75cd91455541,include,include,no,include,,,
75d6acf76068,include,include,no,include,,,
75eee58caf3a,include,include,no,include,,,
7600a952f76a,include,include,no,include,,,
76a87207ec32,include,include,no,include,,,
76bf72482fcf,include,include,no,include,,,
76ee3cb38743,include,include,no,include,,,
76ee9fd77e4e,include,include,no,include,,,
774364c6da63,include,include,no,include,,,
774d2b8eb9f8,include,include,no,include,,,
775d4b298ecd,include,include,no,include,,,
778a06edc7f8,include,include,no,include,,,
77f0bbb6e5f3,include,include,no,include,,,
78b97b2dbd8e,include,include,no,include,,,
78cc9d5068f3,include,include,no,include,,,
79a526ef5902,include,include,no,include,,,
7a159ec77866,include,include,no,include,,,
7a47e22ecc89,include,include,no,include,,,
7b4855a804c1,include,include,no,include,,,
7b4b01100661,include,include,no,include,,,
7bdb6593ec48,include,include,no,include,,,
7c11ab76f3d9,include,include,no,include,,,
7c2e539656f7,include,include,no,include,,,
7c5f50a7c9b3,include,include,no,include,,,
7c6e8af63f61,include,include,no,include,,,
7c795b799d02,include,include,no,include,,,
7cc9ce4dad7d,include,include,no,include,,,
7cce475cb4b7,include,include,no,include,,,
7cfdb2957f6c,include,include,no,include,,,
7d9c1f3a2af2,include,include,no,include,,,
7e0bccd34042,include,include,no,include,,,
7e22c616ae62,include,include,no,include,,,
7e3bc9e2594c,include,include,no,include,,,
7e5d0a8fc172,include,include,no,include,,,
7e636e790901,include,include,no,include,,,
7ea4faff382d,include,include,no,include,,,
7eefd96d7f06,include,include,no,include,,,
7efbd5b186f9,include,include,no,include,,,
7f0f52d2eab9,include,include,no,include,,,
7f5135581c08,include,include,no,include,,,
7f8c8060e256,include,include,no,include,,,
7f91dcfbca63,include,include,no,include,,,
80690e1e30a0,include,include,no,include,,,
80db1bf3c910,include,include,no,include,,,
81146d2c9f2a,include,include,no,include,,,
814040fcfdb1,include,include,no,include,,,
8154d6cc12dd,include,include,no,include,,,
81f92de64876,include,include,no,include,,,
822dbee7acfe,include,include,no,include,,,
82475e54c193,include,include,no,include,,,
8248c1859e99,include,include,no,include,,,
8273c874208a,include,include,no,include,,,
83317aae0ec0,include,include,no,include,,,
8372b98f0875,include,include,no,include,,,
837f13f527f7,include,include,no,include,,,
845689734409,include,include,no,include,,,
852010d3745d,include,include,no,include,,,
858a41cdb5b2,include,include,no,include,,,
85e9109e6bb0,include,include,no,include,,,
85fbbb9f2a42,include,include,no,include,,,
862fc759b55d,include,include,no,include,,,
86891f250a78,include,include,no,include,,,
86fa1780f8fe,include,include,no,include,,,
871c63b61487,include,include,no,include,,,
872cedb13e27,include,include,no,include,,,
87ac65c206bd,include,include,no,include,,,
881dd9b94148,include,include,no,include,,,
885002fa235e,include,include,no,include,,,
88e005f67ca2,include,include,no,include,,,
88e1fac438e9,include,include,no,include,,,
88e7d870aeb0,include,include,no,include,,,
8908fea924fc,include,include,no,include,,,
89a54b4268bd,include,include,no,include,,,
8a2a16ffc826,include,include,no,include,,,
8a2ce0575ff1,include,include,no,include,,,
8bb680c2fb8b,include,include,no,include,,,
8d08019fb608,include,include,no,include,,,
8d58112a9617,include,include,no,include,,,
8d8d76478f6b,include,include,no,include,,,
8d9fbaf6510b,include,include,no,include,,,
8dad17700137,include,include,no,include,,,
8e2194183afe,include,include,no,include,,,
8e431c2a2616,include,include,no,include,,,
8e52ff85234f,include,include,no,include,,,
8e9d2c7faf8e,include,include,no,include,,,
8eecae794ba6,include,include,no,include,,,
8f553bfb1077,include,include,no,include,,,
8fccc6cb2db6,include,include,no,include,,,
8feb8231bb32,include,include,no,include,,,
8fec8d839e47,include,include,no,include,,,
90c55cffbb52,include,include,no,include,,,
910eaf0e9de4,include,include,no,include,,,
9125f8ceaddc,include,include,no,include,,,
9170a0c2d3a2,include,include,no,include,,,
91d09b729085,include,include,no,include,,,
91e1bc2b1a72,include,include,no,include,,,
9242f9c3e9d3,include,include,no,include,,,
924cd91fefd6,include,include,no,include,,,
92948f73b470,include,include,no,include,,,
92b5369078cd,include,include,no,include,,,
9352e26d9232,include,include,no,include,,,
93ff9980959f,include,include,no,include,,,
9405b3330b09,include,include,no,include,,,
946a6e1b2725,include,include,no,include,,,
94dbaa0bc6b4,include,include,no,include,,,
953d9d489a99,include,include,no,include,,,
954608913b5d,include,include,no,include,,,
955dd8044889,include,include,no,include,,,
95a7b64bceac,include,include,no,include,,,
95ecf8c43fd1,include,include,no,include,,,
9636cfb13bd3,include,include,no,include,,,
963ca4c12a61,include,include,no,include,,,
96baad0b46a9,include,include,no,include,,,
9700e75505fd,include,include,no,include,,,
970f45895147,include,include,no,include,,,
972faa34c6b1,include,include,no,include,,,
975be2b38005,include,include,no,include,,,
976207a6400b,include,include,no,include,,,
980d054544f5,include,include,no,include,,,
993b4e035b55,include,include,no,include,,,
99b07636e459,include,include,no,include,,,
99d3efa89dee,include,include,no,include,,,
99e391ee5e85,include,include,no,include,,,
9a4ba980a229,include,include,no,include,,,
9a926e905d18,include,include,no,include,,,
9aa8ee9654b4,include,include,no,include,,,
9abc38e76aec,include,include,no,include,,,
9ac554cf64c4,include,include,no,include,,,
9b277c9234e8,include,include,no,include,,,
9b3837c81545,include,include,no,include,,,
9b55a2fa0cd5,include,include,no,include,,,
9bc9b29fc6af,include,include,no,include,,,
9bd4d4752519,include,include,no,include,,,
9be7c1fe15c2,include,include,no,include,,,
9c09c81b2a12,include,include,no,include,,,
9c8acfa3bc72,include,include,no,include,,,
9d21f2dbc900,include,include,no,include,,,
9e79a3ba95a4,include,include,no,include,,,
9ea18a0e8bfd,include,include,no,include,,,
9eb296f23a10,include,include,no,include,,,
9ecabb9df454,include,include,no,include,,,
9ece39a58632,include,include,no,include,,,
9ee4aaf0f745,include,include,no,include,,,
9f2d4ce48167,include,include,no,include,,,
9f6ab6f7c9d8,include,include,no,include,,,
9fd619b02b3e,include,include,no,include,,,
a01f6e902e50,include,include,no,include,,,
a052f266d945,include,include,no,include,,,
a0bb411d1801,include,include,no,include,,,
a0d2cf9e49bf,include,include,no,include,,,
a0e970f7273f,include,include,no,include,,,
a1125822ca6a,include,include,no,include,,,
a143717759af,include,include,no,include,,,
a19de5d705c8,include,include,no,include,,,
a254eea1f1d3,include,include,no,include,,,
a2b17048118b,include,include,no,include,,,
a2b747cae698,include,include,no,include,,,
a326ebb75ee1,include,include,no,include,,,
a3f27d44e6cf,include,include,no,include,,,
a426a8634e23,include,include,no,include,,,
a46c5a11b5dd,include,include,no,include,,,
a4777ce71497,include,include,no,include,,,
a4c29a22413b,include,include,no,include,,,
a4cb146201fc,include,include,no,include,,,
a538cd2dc13c,include,include,no,include,,,
a5b68f8e6d90,include,include,no,include,,,
a603e283e0cf,include,include,no,include,,,
a64e9d084306,include,include,no,include,,,
a75f8f16f267,include,include,no,include,,,
a7b3e49448d1,include,include,no,include,,,
a801ca3560e0,include,include,no,include,,,
a82edc88ba8d,include,include,no,include,,,
a8b9f6b19702,include,include,no,include,,,
a934c86420c1,include,include,no,include,,,
a9e4b00c1fae,include,include,no,include,,,
a9e56ea93735,include,include,no,include,,,
a9fb068595f2,include,include,no,include,,,
aa0f8200d68f,include,include,no,include,,,
aa5b834c3a1d,include,include,no,include,,,
aa6714606396,include,include,no,include,,,
aa8d930f4f4f,include,include,no,include,,,
aa910c409f87,include,include,no,include,,,
ab43aaeed4af,include,include,no,include,,,
ab8ec0885239,include,include,no,include,,,
ac9a031452bb,include,include,no,include,,,
acc55c7d6a2a,include,include,no,include,,,
ad0844abb348,include,include,no,include,,,
ad79bfb0cfd8,include,include,no,include,,,
add09b8c5e11,include,include,no,include,,,
ae4cc7b70669,include,include,no,include,,,
ae6ef4dd0465,include,include,no,include,,,
ae8a2fcc480d,include,include,no,include,,,
aeba35e547c4,include,include,no,include,,,
af45ea1743f6,include,include,no,include,,,
af5d5a990937,include,include,no,include,,,
afa84e1d94cf,include,include,no,include,,,
b0f18b08964e,include,include,no,include,,,
b10591681791,include,include,no,include,,,
b1450afbccd7,include,include,no,include,,,
b155d83ad4b5,include,include,no,include,,,
b17e753ba135,include,include,no,include,,,
b193d72aab07,include,include,no,include,,,
b1aad69bad2c,include,include,no,include,,,
b1bdaa2bbbb8,include,include,no,include,,,
b253d747bcc9,include,include,no,include,,,
b28e4aff9e6f,include,include,no,include,,,
b2cc85a6587a,include,include,no,include,,,
b3543c214d69,include,include,no,include,,,
b43110ee807d,include,include,no,include,,,
b4397d93ce2f,include,include,no,include,,,
b4634f8d9776,include,include,no,include,,,
b4c593efacfa,include,include,no,include,,,
b524b2fc9631,include,include,no,include,,,
b5820c538b42,include,include,no,include,,,
b58f4a78e015,include,include,no,include,,,
b62275ba4e8f,include,include,no,include,,,
b660e6ffe7f2,include,include,no,include,,,
b6835993edd2,include,include,no,include,,,
b69e5fca1ee6,include,include,no,include,,,
b6a55230434d,include,include,no,include,,,
b7810a7c699b,include,include,no,include,,,
b7b5ffbce8ec,include,include,no,include,,,
b7c9696b8ffc,include,include,no,include,,,
b8057faa8a23,include,include,no,include,,,
b8dcb2e989c2,include,include,no,include,,,
b94d98f5a637,include,include,no,include,,,
b9713bab8200,include,include,no,include,,,
b9793b3d8619,include,include,no,include,,,
b97e7f0690c5,include,include,no,include,,,
b9898808569b,include,include,no,include,,,
b9aa74e4bc0d,include,include,no,include,,,
b9bbd2d099f0,include,include,no,include,,,
b9ec84f4d48c,include,include,no,include,,,
ba5afbcce6b8,include,include,no,include,,,
ba792b0b6f24,include,include,no,include,,,
ba8b763050ae,include,include,no,include,,,
ba8e571f1e45,include,include,no,include,,,
ba9b439040f0,include,include,no,include,,,
bb0210fb8e67,include,include,no,include,,,
bb6213c444b0,include,include,no,include,,,
bb719c33a7f1,include,include,no,include,,,
bb8d6c141f2d,include,include,no,include,,,
bbd82caa4d1f,include,include,no,include,,,
bbf0e3662d3c,include,include,no,include,,,
bc172c83a778,include,include,no,include,,,
bc7abe57bcdd,include,include,no,include,,,
bc8d838c7545,include,include,no,include,,,
bcd1adfba1e5,include,include,no,include,,,
bcec4aa1183a,include,include,no,include,,,
bcfb2bcd887f,include,include,no,include,,,
bf1f4204b1e6,include,include,no,include,,,
c0182e500e61,include,include,no,include,,,
c034ac9211c2,include,include,no,include,,,
c07bf2c04ef9,include,include,no,include,,,
c0d24cf1b7ed,include,include,no,include,,,
c0da85ef2954,include,include,no,include,,,
c0fc8b113e0f,include,include,no,include,,,
c1358ec0f6a6,include,include,no,include,,,
c1aa6c306cde,include,include,no,include,,,
c233bf88de0f,include,include,no,include,,,
c368d34620bf,include,include,no,include,,,
c408224c2f59,include,include,no,include,,,
c434305b37fb,include,include,no,include,,,
c43a47ce0c1a,include,include,no,include,,,
c43d47985bee,include,include,no,include,,,
c44a5eb1ea97,include,include,no,include,,,
c459e5fdfbdc,include,include,no,include,,,
c46b48afaa7c,include,include,no,include,,,
c47a454352d5,include,include,no,include,,,
c48c60134357,include,include,no,include,,,
c4e919f71785,include,include,no,include,,,
c50cff63fd9e,include,include,no,include,,,
c56a3ba7d912,include,include,no,include,,,
c57f6422ed7b,include,include,no,include,,,
c5fa20e739f7,include,include,no,include,,,
c60694a1e2ed,include,include,no,include,,,
c6422717f546,include,include,no,include,,,
c65b93ca030a,include,include,no,include,,,
c6d03068fd05,include,include,no,include,,,
c70ae91a70de,include,include,no,include,,,
c70de9d73132,include,include,no,include,,,
c7451962353b,include,include,no,include,,,
c759041ceebc,include,include,no,include,,,
c784a08e2043,include,include,no,include,,,
c7b77a40d1ea,include,include,no,include,,,
c7c7d7851588,include,include,no,include,,,
c7d33a63a50e,include,include,no,include,,,
c7db741770a8,include,include,no,include,,,
c7df20032013,include,include,no,include,,,
c7e723b86ecc,include,include,no,include,,,
c85b1f95ca15,include,include,no,include,,,
c8872ea43678,include,include,no,include,,,
c8c709dc67c3,include,include,no,include,,,
c91a2002db67,include,include,no,include,,,
c945ded90aa0,include,include,no,include,,,
c94ec3a9d152,include,include,no,include,,,
c950657aa481,include,include,no,include,,,
c99a158445ec,include,include,no,include,,,
ca17c4baa8d1,include,include,no,include,,,
cab849abe702,include,include,no,include,,,
cad7df42e483,include,include,no,include,,,
cb19eb039ea0,include,include,no,include,,,
cb2b33577b51,include,include,no,include,,,
cb7047eb4b01,include,include,no,include,,,
cb8d976cb90c,include,include,no,include,,,
cbc953d2f213,include,include,no,include,,,
cc3196e053ee,include,include,no,include,,,
cd5dc35d5f39,include,include,no,include,,,
cd6d281e7994,include,include,no,include,,,
cd9329dc38ef,include,include,no,include,,,
cde1c896dc3c,include,include,no,include,,,
cded9dd64213,include,include,no,include,,,
ce2db00aac7a,include,include,no,include,,,
ced20dbb381f,include,include,no,include,,,
cf0d84ba3b6a,include,include,no,include,,,
cf15566d165b,include,include,no,include,,,
cf30c27e711a,include,include,no,include,,,
cf803ec26409,include,include,no,include,,,
cf8de5885b73,include,include,no,include,,,
cf9049abcad1,include,include,no,include,,,
cfc22a0f0b6b,include,include,no,include,,,
d0176849806b,include,include,no,include,,,
d0568e395fbf,include,include,no,include,,,
d05bf542e350,include,include,no,include,,,
d097cb51b8b1,include,include,no,include,,,
d169bf320747,include,include,no,include,,,
d18096ef8f4c,include,include,no,include,,,
d186493da11a,include,include,no,include,,,
d1d94604a9f6,include,include,no,include,,,
d1e6a91e7f11,include,include,no,include,,,
d21bf4bb49f1,include,include,no,include,,,
d255ff5edaae,include,include,no,include,,,
d28e11e1f8b0,include,include,no,include,,,
d2987e36ebc7,include,include,no,include,,,
d349fc59251c,include,include,no,include,,,
d3580aed27bb,include,include,no,include,,,
d37354bd1037,include,include,no,include,,,
d388ccd2fff8,include,include,no,include,,,
d3bf87c97dee,include,include,no,include,,,
d429e0713a3d,include,include,no,include,,,
d5410f88017c,include,include,no,include,,,
d7449b1ba0c5,include,include,no,include,,,
d746904e8cbb,include,include,no,include,,,
d76ce1e8a91b,include,include,no,include,,,
d85be19938f4,include,include,no,include,,,
d919ba675da3,include,include,no,include,,,
d93774a0f763,include,include,no,include,,,
da48095bcac8,include,include,no,include,,,
da5f74409827,include,include,no,include,,,
da7ecd113b59,include,include,no,include,,,
db0868f018ba,include,include,no,include,,,
dbe1e9d1911e,include,include,no,include,,,
dc2662e424c1,include,include,no,include,,,
dc60950e60b9,include,include,no,include,,,
dc93502cbe99,include,include,no,include,,,
dca63675e36a,include,include,no,include,,,
dcc9f218d7a2,include,include,no,include,,,
dd43141323b8,include,include,no,include,,,
dd4a45af4eb4,include,include,no,include,,,
dd6b533767c3,include,include,no,include,,,
dd846d58c0b9,include,include,no,include,,,
dda6a6312022,include,include,no,include,,,
dda7775da9aa,include,include,no,include,,,
ddd77f0637f4,include,include,no,include,,,
de580e8c085e,include,include,no,include,,,
de7c20d08bbe,include,include,no,include,,,
dea554bac8c5,include,include,no,include,,,
deb2ea7baca5,include,include,no,include,,,
df5489e3b780,include,include,no,include,,,
df5b91d07411,include,include,no,include,,,
df75588a0f00,include,include,no,include,,,
dfca7435a13e,include,include,no,include,,,
dfd464e83103,include,include,no,include,,,
dfe7c7ebfb9f,include,include,no,include,,,
dfef8f5777bb,include,include,no,include,,,
e02980089334,include,include,no,include,,,
e0a04002122e,include,include,no,include,,,
e0b170657e2b,include,include,no,include,,,
e0da2160fe63,include,include,no,include,,,
e13c1293dd99,include,include,no,include,,,
e1ab375ffe44,include,include,no,include,,,
e24892efe307,include,include,no,include,,,
e2976806d26c,include,include,no,include,,,
e366a47d08de,include,include,no,include,,,
e36d3ea67d07,include,include,no,include,,,
e37b332b43d5,include,include,no,include,,,
e3ccb8cc6354,include,include,no,include,,,
e3f0d48b8da0,include,include,no,include,,,
e3f607c31738,include,include,no,include,,,
e40a21367703,include,include,no,include,,,
e4a9bb7f1bbb,include,include,no,include,,,
e4bb7333aaa5,include,include,no,include,,,
e4f0b279bc74,include,include,no,include,,,
e4ff7159708b,include,include,no,include,,,
e505ff143d95,include,include,no,include,,,
e513378d8c92,include,include,no,include,,,
e52f3f130a75,include,include,no,include,,,
e53a9047880e,include,include,no,include,,,
e667225d4f3c,include,include,no,include,,,
e6692a4012cb,include,include,no,include,,,
e69606eda4d4,include,include,no,include,,,
e6d5993eabdd,include,include,no,include,,,
e6ece474516c,include,include,no,include,,,
e71143fc75ea,include,include,no,include,,,
e7e84a5252aa,include,include,no,include,,,
e8140e32d73c,include,include,no,include,,,
e82f44de737a,include,include,no,include,,,
e8333614ccce,include,include,no,include,,,
e884248dc62e,include,include,no,include,,,
e8b9674d7c5e,include,include,no,include,,,
e922f913e80b,include,include,no,include,,,
e9b892fcd6fc,include,include,no,include,,,
e9e49c657667,include,include,no,include,,,
ea3050e19cb2,include,include,no,include,,,
ea4504852540,include,include,no,include,,,
ea4b39301625,include,include,no,include,,,
eb49db8c70eb,include,include,no,include,,,
eb9b2edee442,include,include,no,include,,,
ebbdd376073e,include,include,no,include,,,
ebc26d3b1089,include,include,no,include,,,
ebc4087b5ca1,include,include,no,include,,,
ebc427ff9eca,include,include,no,include,,,
ec46c4209f52,include,include,no,include,,,
ecd17525083d,include,include,no,include,,,
ed02e34c2236,include,include,no,include,,,
ed0de8d44eff,include,include,no,include,,,
ed111831958f,include,include,no,include,,,
ee8331fcdc90,include,include,no,include,,,
eedf4aad8fda,include,include,no,include,,,
ef5568395d8c,include,include,no,include,,,
ef887b17024e,include,include,no,include,,,
ef99551dab0f,include,include,no,include,,,
ef9db5fc8faa,include,include,no,include,,,
f02939adf369,include,include,no,include,,,
f054252b17db,include,include,no,include,,,
f0cfc9685e15,include,include,no,include,,,
f123e5ead03b,include,include,no,include,,,
f190da5cb928,include,include,no,include,,,
f1cdc4d681b5,include,include,no,include,,,
f20042024dc6,include,include,no,include,,,
f2dee5528891,include,include,no,include,,,
f35eb73554d8,include,include,no,include,,,
f362fd204c2b,include,include,no,include,,,
f3998e794c14,include,include,no,include,,,
f3c77d3e6ee0,include,include,no,include,,,
f3cb59fe38ac,include,include,no,include,,,
f407c516e84f,include,include,no,include,,,
f4883fc328d4,include,include,no,include,,,
f4e582f59d68,include,include,no,include,,,
f55fea197b67,include,include,no,include,,,
f5adfe23aa3d,include,include,no,include,,,
f67b13b40931,include,include,no,include,,,
f6c404e63d0f,include,include,no,include,,,
f792c5e92b0c,include,include,no,include,,,
f85bdc99d9eb,include,include,no,include,,,
f8669d109a5f,include,include,no,include,,,
f88bb4cc0c22,include,include,no,include,,,
f90adf90a78a,include,include,no,include,,,
f92cf78ba56a,include,include,no,include,,,
f93112e0b03a,include,include,no,include,,,
f94276561f48,include,include,no,include,,,
f96f14134a21,include,include,no,include,,,
f9a4ea0df88e,include,include,no,include,,,
f9e5b6ee139d,include,include,no,include,,,
f9f0249a4f6d,include,include,no,include,,,
fa9e2c7101b8,include,include,no,include,,,
fb499d357762,include,include,no,include,,,
fbaaa4d89d56,include,include,no,include,,,
fbec16f60f72,include,include,no,include,,,
fc82cb4fddfa,include,include,no,include,,,
fd31c17753a0,include,include,no,include,,,
fd5b3f400773,include,include,no,include,,,
fd6d12958e8e,include,include,no,include,,,
fdc49be32988,include,include,no,include,,,
fddc282dba6f,include,include,no,include,,,
fe91ad8edae4,include,include,no,include,,,
fecff5249e72,include,include,no,include,,,
ff36740b3b52,include,include,no,include,,,
ff46fac9e8e5,include,include,no,include,,,
ff62c3dd3f66,include,include,no,include,,,
ff9590d2d73c,include,include,no,include,,,
ff9ec9ec394a,include,include,no,include,,,
